PID,LotArea,Age,TotalBsmtSF,SalePrice
526301100,31770,51,1080,215000
526350040,11622,50,882,105000
526351010,14267,53,1329,172000
526353030,11160,43,2110,244000
527105010,13830,14,928,189900
527105030,9978,13,926,195500
527127150,4920,10,1338,213500
527145080,5005,19,1280,191500
527146030,5389,16,1595,236500
527162130,7500,12,994,189000
527163010,10000,18,763,175900
527165230,7980,19,1168,185000
527166040,8402,13,789,180400
527180040,10176,21,1300,171500
527182190,6820,26,1488,212000
527216070,53504,8,1650,538000
527225035,12134,23,559,164000
527258010,11394,1,1856,394432
527276150,19138,60,864,141000
527302110,13175,33,1542,210000
527358140,11751,34,1844,190000
527358200,10625,37,1053,170000
527368020,7500,11,814,216000
527402200,11241,41,1004,149000
527402250,12537,40,1078,149900
527403020,8450,43,1056,142000
527404120,8400,41,882,126000
527425090,10500,40,864,115000
527427230,5858,12,1405,184000
527451180,1680,40,483,96000
527451330,1680,40,525,105500
527451410,1680,40,525,88000
527452190,4043,34,1069,127500
527453130,2280,36,855,149900
527453150,2280,36,836,120000
527454200,2280,33,855,146000
528108120,12858,2,1590,376162
528112020,11478,4,1704,306000
528120060,10159,2,1930,395192
528120090,12883,2,1544,290941
528120100,12182,6,1541,220000
528120120,11520,6,1698,275000
528138020,14122,6,1822,259000
528138060,10171,7,1517,214000
528150070,12919,2,2330,611657
528175010,6371,2,1358,224000
528176010,14300,8,2846,500000
528176070,13650,9,1671,320000
528180070,7658,6,1752,319900
528181050,7132,5,1370,205000
528188120,2628,8,764,175500
528218150,18494,6,1324,199500
528228285,3203,5,1145,160000
528228440,3182,7,1256,192000
528231020,13300,7,384,184500
528240070,7851,9,860,216500
528240130,8577,7,847,185088
528250100,7750,11,384,180000
528292020,9505,10,884,222500
528328100,14774,12,1393,333168
528344070,17433,13,1629,355000
528358010,10593,15,1720,260400
528363130,12256,17,1463,325000
528382020,11764,12,1152,290000
528382030,16770,13,1195,221000
528386040,14720,16,2033,410000
528445060,8987,6,1595,221500
528456160,9215,2,1218,204500
528458070,8640,2,756,215200
528458110,9000,3,1566,262500
528477080,12552,7,991,254900
528480090,10440,6,1468,271500
531367050,10142,7,956,233000
531369060,11920,7,831,181000
531380080,8880,17,948,205000
531451110,8012,31,923,143000
531451280,11218,19,1055,189000
531452020,7892,32,918,99500
531452050,7175,27,744,125000
531452180,9453,18,996,194500
531453010,9672,27,1040,152000
531453040,8400,31,650,171000
531477050,9800,91,816,67500
532351140,8930,33,0,112000
532354090,11782,50,1109,148000
532376160,8450,46,894,138500
532377060,9819,44,882,122000
532377100,7500,48,1040,133000
532378110,6897,49,1040,127000
532479070,15410,37,1208,169000
533130020,10186,19,750,190000
533130130,13143,18,1231,362500
533130160,11134,19,1390,285000
533205060,4835,7,1488,260000
533208090,3515,7,840,190000
533210060,3215,7,600,155000
533212010,3182,7,600,151000
533212020,2544,7,600,149500
533212060,2544,6,600,152000
533213030,4403,2,1470,222000
533221090,2117,11,756,177500
533221110,2980,11,756,177000
533223020,2572,12,696,155000
533223100,2403,8,530,147110
533238045,12853,1,1642,267916
533244030,7379,11,975,254000
533253060,4420,31,728,155000
533253210,3880,33,1226,206000
533352170,13517,35,725,130500
534102025,8000,9,1492,230000
534129040,10456,44,1829,218500
534151175,10791,18,1280,243500
534152050,10603,34,1610,205000
534152070,18837,33,1224,212500
534152100,10421,23,980,196500
534176060,9360,39,1161,197500
534176230,9600,40,715,171000
534202160,9600,45,1232,142250
534251320,9790,48,1328,143000
534276360,9320,52,950,128950
534401110,9900,45,1209,159000
534401140,9680,44,1510,178900
534403360,10600,47,533,136300
534403410,14112,47,1152,180500
534425310,8800,48,936,137500
534427010,13260,49,1728,84900
534430080,9717,61,1078,142125
534431050,9724,59,1140,197600
534431070,17360,62,782,172500
534450180,7207,53,858,116500
534451150,5350,71,728,76500
534475100,9920,57,1056,128000
534476260,9600,56,1156,153000
534479320,7800,57,1268,132000
535101020,11380,45,1080,178000
535106190,11600,51,1105,154300
535125010,19900,41,1947,180000
535126040,16492,45,1517,190000
535152010,8267,53,1604,135000
535152050,8197,8,1480,214000
535152130,8050,52,1143,136000
535152150,10552,52,1398,165500
535152250,8400,54,1314,145000
535153070,8760,52,1194,148000
535154050,12160,52,1188,142000
535175070,9300,51,1268,167500
535175180,10725,52,1206,108538
535179020,10032,52,1244,159500
535180130,8382,55,832,108000
535302080,10950,59,864,135000
535302200,10895,56,972,122500
535304060,13587,53,988,119000
535304180,7922,58,1057,109000
535325400,7898,91,576,105000
535327140,7200,56,0,107500
535350030,10200,57,1086,144900
535350040,5868,55,936,129000
535353190,17503,63,912,97500
535377090,6979,31,1056,144000
535401080,9830,52,1063,162000
535425010,11275,44,710,242000
535450210,8064,63,816,132000
535453070,7500,52,1246,154000
535454070,8520,59,910,166000
535456110,7200,60,900,134800
535457010,10000,49,1116,160000
535457090,7635,51,1175,148000
535476350,9760,48,1395,192000
535477020,7700,45,756,155000
902102100,4800,111,709,80400
902104060,8800,101,576,96500
902106130,4485,91,936,109500
902106140,8960,84,1008,115000
902110090,5805,54,1347,143000
902125080,5790,96,840,107400
902125160,4608,66,747,80000
902128170,7200,71,788,119000
902206040,5500,82,926,130000
902206130,6900,73,827,119000
902206220,11851,63,1027,129000
902206240,8239,91,1008,100000
902207130,9656,88,678,12789
902207140,8520,83,624,105900
902305110,9600,111,930,150000
902327040,10800,96,686,139000
902329030,9000,121,346,240000
902401060,9045,101,840,76500
902402010,7407,54,912,149700
902402130,7740,101,622,125500
902402250,11340,126,777,122500
902403070,10560,89,738,140750
903204040,5830,61,988,128500
903206120,7793,89,1108,209500
903225150,5000,86,765,87000
903226160,6000,72,608,134000
903227020,6000,71,572,128000
903227150,6360,69,835,132000
903228150,6000,63,780,139900
903232190,6240,75,528,123900
903233120,6240,81,928,138400
903234050,6120,88,1124,109500
903425110,10300,90,576,140000
903426180,8094,96,888,149500
903426200,12900,99,780,159900
903430080,3068,91,662,122000
903450110,8472,48,816,110000
903454060,5600,81,0,55000
903476030,7630,111,360,140000
904100140,24090,71,1032,244400
904101110,15263,52,1422,173000
904300150,10632,94,689,107500
904302260,9900,96,1212,100000
904350045,6001,71,600,95000
904351040,6449,104,707,93369
904352190,6048,101,856,114900
905101100,6342,136,780,94000
905101300,10773,44,1832,136000
905101310,10778,43,1768,136500
905102060,11625,46,1039,131500
905103060,11341,54,1392,121500
905104210,8521,44,912,125000
905105070,8246,43,1060,154000
905105200,7800,45,864,137900
905106140,9364,42,663,158000
905106170,7832,43,864,137250
905107110,7424,33,1319,160250
905107250,11227,43,720,163000
905107320,11616,33,672,158900
905109130,14000,15,1306,328000
905109170,20062,34,1420,270000
905201030,9259,84,660,85000
905202090,9600,61,1067,128000
905325030,23595,32,1332,260000
905352140,17082,33,1117,230000
905378040,18600,73,972,124000
905426060,10625,91,458,83000
905426200,11479,61,663,144500
905451320,9571,55,1144,129000
905452110,9350,64,756,127000
905452160,9525,57,1172,128000
905453040,10420,2,1212,186000
905453080,17485,2,1508,308030
905475510,11200,47,1250,114000
905478190,11100,65,0,84900
906201030,9206,26,741,178000
906201120,11980,24,1433,270000
906204230,12361,18,946,218000
906223090,9938,18,1050,236000
906225210,9069,19,936,147000
906378100,10475,3,1694,245350
906380190,6762,5,1187,206000
906385010,10402,2,1226,198900
906385020,7360,1,1222,187000
906402200,12376,21,1673,320000
906425045,14235,111,676,138500
906477110,8816,40,1010,155000
907125090,11105,15,870,159000
907180050,9337,14,878,191000
907185060,8750,13,804,200500
907200280,15240,34,1026,150000
907200290,10900,34,689,161750
907200340,10650,35,894,128200
907203070,7480,39,876,127000
907250030,10389,8,1978,318000
907252120,11423,10,1581,272000
907262050,9548,8,941,237000
907280040,9375,14,1040,240000
907290040,12137,13,1649,224900
907290170,4435,8,848,143750
907290240,4426,7,848,143000
907401090,10635,8,1657,232000
907410080,8400,7,1473,213000
907414030,8773,7,1414,185500
908102060,8777,66,0,84900
908102110,8842,57,381,155891
908102130,9825,46,0,100000
908102170,10044,43,1196,144000
908102300,11792,63,744,64000
908103350,6305,36,1008,125200
908152080,7819,35,1029,107000
908203100,6410,53,960,90000
908208020,8546,8,1121,140000
908225320,8741,66,735,113000
908226130,12180,70,672,80000
908275300,8562,54,1216,144500
909100080,4853,87,1107,104000
909100110,6858,96,806,128000
909101070,8212,97,864,58500
909176140,5000,87,1026,127000
909176150,7890,72,856,126000
909177100,7200,44,0,160000
909250030,9839,80,894,100000
909250060,9638,92,804,169000
909281080,10452,70,1528,257500
909426080,15600,61,1032,215000
909427230,9042,70,1152,266500
909428280,17500,52,1902,335000
909452114,19645,17,423,203135
909455030,3907,22,982,185000
909455040,3907,22,1191,162500
909475140,15602,52,1501,289000
910202060,5436,89,796,125500
910203250,8154,70,480,82000
910205120,9140,90,629,110000
911128180,7500,91,698,68400
911202100,8712,111,859,102776
911204090,8712,59,540,55993
911204100,8712,115,756,50138
911370510,3811,7,1594,246000
914467040,11050,13,1049,254900
914475090,9620,34,1243,190000
914476520,9196,8,1560,201000
914478045,12328,35,1012,169900
914478110,12760,35,1958,170000
916125360,57200,63,747,160000
916386010,11896,3,1336,220000
916386020,9803,2,1214,179781
916386060,9802,5,384,174000
916386090,12003,2,774,269500
916455170,11316,9,817,214900
916475110,14191,9,967,202900
921128020,13214,3,2002,378500
923201020,15300,46,1068,169000
923202105,10114,7,1430,173500
923204150,9400,40,912,139000
923205015,11875,12,1344,166500
923225300,1974,38,546,83500
923225390,2394,38,945,119500
923225440,2592,35,536,85000
923226250,1476,41,546,76000
923226320,1491,39,630,75500
923228270,1900,41,546,88250
923228370,1890,39,546,85500
923230190,6953,40,864,130000
923251080,26142,49,1188,157900
923276030,12887,27,833,149900
923276250,7700,26,1216,159000
923426070,10475,20,624,136000
924100050,10544,42,864,161000
924151040,9892,17,1679,285000
924152030,12961,18,1152,231000
526302110,13008,55,882,124500
526351100,10200,37,1434,157000
526355080,13860,39,1952,345000
527105070,10179,14,945,189500
527105130,11792,8,1008,270000
527107130,8400,15,384,189000
527108070,14892,5,1746,377500
527110020,8530,16,384,168500
527127100,7296,7,2208,375000
527131030,5664,11,1501,278000
527132090,7380,13,1418,240000
527146010,8013,16,1587,239500
527161040,8923,13,384,177500
527162110,10141,13,832,185000
527162120,7500,13,952,191000
527163040,7837,18,799,178000
527163070,9765,18,680,185000
527163130,8803,17,707,181316
527164020,7250,18,1181,166000
527164060,9636,19,808,178000
527164090,8125,17,702,174000
527165130,9248,19,1158,173000
527166010,10762,12,978,225000
527180100,11851,21,1424,180500
527182110,5814,27,1220,187500
527214050,17423,3,2216,501837
527254020,11844,3,2046,372500
527258020,16158,6,1530,260000
527276160,11900,34,1122,185000
527301320,13005,31,845,260000
527302175,17043,32,1362,181000
527326040,11900,34,1386,82500
527326150,16635,34,1602,215000
527352150,13250,33,832,154000
527353020,10928,33,1427,200000
527353060,12388,31,1043,249000
527354100,14115,31,1372,187500
527354200,11088,33,1140,184000
527355150,9600,30,2524,278000
527356040,11880,33,1271,157000
527359050,10400,35,1090,152000
527359180,10304,35,780,197500
527364030,7000,8,926,240900
527365030,8004,2,832,263435
527366030,7500,11,1058,220000
527368010,8470,9,972,235000
527375100,9373,36,1621,213000
527375180,10140,37,1116,167900
527375210,11050,36,1176,158000
527376100,10140,37,1064,165000
527378140,10448,39,689,158000
527401160,9000,37,896,136000
527402220,8750,41,1002,148500
527403040,7930,42,1026,156000
527404020,7830,41,1180,128000
527404030,8510,40,1043,143000
527405130,7038,41,864,76500
527405160,6960,41,864,120500
527405180,8120,41,864,124500
527425060,10500,40,864,97000
527425110,9000,40,864,130000
527450280,1680,38,483,111000
527451110,2368,41,765,125000
527451320,1680,40,630,112000
527451540,1680,39,483,97000
527451640,1680,39,483,118000
527451650,1680,39,630,119500
527452060,4928,35,958,143750
527453050,2308,35,804,146000
527453060,2280,35,855,148500
527453140,2280,36,1057,123000
527454050,2308,37,855,147000
527454130,2349,34,855,137900
527455050,2364,33,804,147000
527455060,2289,33,855,148500
527455080,2364,33,855,138000
527455090,2104,35,836,128500
527455240,7150,44,892,100000
527455280,10710,45,864,148800
528102040,12456,5,1700,337500
528102140,14257,4,1776,462000
528104070,13518,3,1926,485000
528106020,15431,3,3094,555000
528106070,13173,5,1652,325000
528108010,14230,4,1566,256300
528108020,12704,3,2042,253293
528108040,12350,2,1365,398800
528108070,11308,3,1104,335000
528108130,12350,3,2020,404000
528108140,12220,2,2006,402861
528110010,13478,3,1722,451950
528110020,13693,4,2630,610000
528110090,13891,3,1734,582933
528112040,11578,3,1736,360000
528116010,16870,7,1782,296000
528118060,23303,4,1508,409900
528120020,11146,5,1709,255500
528120030,10367,3,1739,335000
528120160,9591,7,1713,274900
528120170,10872,5,1504,300000
528138010,13514,3,1774,324000
528142040,8834,7,1462,350000
528142090,11362,7,1836,280000
528142130,10655,8,3206,284000
528142150,12878,8,1760,269500
528144020,9541,2,1502,233170
528166060,13472,8,2392,386250
528166090,15274,8,2452,445000
528168030,13262,8,1082,290000
528172060,9658,5,1598,255900
528174050,6904,6,1358,213000
528174060,5381,6,1306,196000
528174070,5122,6,1306,184500
528175050,10307,4,1350,212500
528175060,5001,4,1314,230000
528176030,14836,7,2492,552000
528178010,15262,8,2200,382500
528180120,7390,3,1884,320000
528180130,6472,3,1451,248500
528186010,16770,9,1712,286500
528186180,6240,5,1324,254000
528188020,3480,8,1405,173000
528188060,2268,8,764,173000
528218090,10928,6,728,184000
528220040,8918,6,745,167800
528221060,12589,6,742,174000
528221070,11911,6,684,174000
528228290,3684,4,1373,174000
528228295,3635,4,1386,175900
528228435,3182,6,1373,192500
528228450,3182,6,1346,181000
528228455,3182,6,1220,180000
528228460,3182,6,1145,160200
528235010,7795,7,716,188500
528235090,8068,9,1010,200000
528235200,9434,7,384,170000
528240030,7984,7,868,189500
528240060,7750,9,408,184100
528240150,10125,7,846,195500
528250020,8965,8,782,192000
528250040,8174,8,698,178000
528253010,5063,4,1314,207500
528275070,8795,11,952,236000
528275160,12891,9,870,257500
528280230,12224,11,992,244000
528290030,9734,7,384,167000
528290120,8123,11,982,179000
528290180,8433,11,794,190000
528290190,7750,12,384,156000
528292030,15896,12,1177,245000
528292040,24682,12,841,181000
528292070,8755,12,992,214000
528294050,7848,12,384,168000
528315090,9430,12,1252,337000
528321010,15138,16,1462,403000
528327070,12720,11,1455,327000
528344040,16545,13,1284,340000
528344100,12203,13,1225,336000
528354050,10208,15,1264,265000
528363050,10750,17,2024,315000
528365070,9900,18,1347,260000
528385050,9085,16,1070,260000
528387030,11692,18,1173,263550
528390100,46589,17,1629,402000
528390210,29959,17,973,248000
528427020,9612,3,1468,244600
528431020,11194,3,1696,275000
528431070,10206,3,1614,257500
528435030,9262,3,1573,287090
528435050,10130,4,1702,275500
528439060,9139,5,1422,245000
528441020,9675,6,1113,253000
528441090,11128,6,2458,468000
528456180,8640,2,900,252678
528456220,9000,3,768,210000
528456240,7862,2,1218,208300
528458020,7993,3,1436,225000
528458040,8640,2,1300,229456
528458060,8640,3,1402,229800
528458140,12606,4,1530,250000
528458160,9187,2,1766,370878
528458180,7500,5,1372,238500
528477050,11003,3,1017,310000
528477070,10603,5,900,270000
528480040,10574,6,1082,252000
528480130,8125,5,1092,241000
528480170,8125,3,1836,264500
528482040,10625,5,1652,291000
528482130,9375,8,912,263000
528488100,7500,7,1221,185000
528490040,8736,8,1553,234500
528490070,8127,8,812,209000
531363010,9605,4,1218,159000
531363030,7500,5,1141,152000
531363050,7500,7,1158,143500
531369010,10628,7,835,193000
531369020,10141,7,1512,203000
531371050,10083,8,1176,184900
531375040,13072,7,1114,159000
531375090,13072,7,1114,142000
531375130,12450,8,1114,153000
531376090,7328,3,1450,224243
531379050,11492,15,913,220000
531382070,10994,6,1844,257000
531385020,8529,10,1454,189000
531450120,7703,19,816,171500
531452010,10762,31,626,120000
531452070,7175,21,1332,145000
531452260,9109,17,754,184000
531453100,10274,25,676,162000
531475220,8250,30,0,160000
531477020,8400,61,721,82000
531479020,9000,83,784,76000
532353020,9750,49,980,110000
532353130,7064,34,980,135000
532354160,8499,50,864,141000
532354230,9079,50,864,122000
532376070,9316,46,1024,124100
532376110,7791,48,912,129000
532377130,10000,50,864,131400
532378120,8281,46,864,62383
532378180,7150,49,912,123000
532478020,15676,31,2014,275000
533135020,11949,20,975,235000
533206020,2880,7,1376,280750
533210010,3951,2,612,164500
533210020,3000,2,612,173733
533213010,3830,3,1726,222000
533213020,4217,3,1145,195000
533213040,3230,12,729,172500
533221040,2998,11,756,180000
533223030,3768,12,691,156000
533236050,2645,12,970,172500
533252040,14694,34,1694,318750
533253070,3782,30,1226,211500
533254050,15417,30,1740,241600
533254110,9600,35,392,180500
533352150,9991,35,1281,150000
534125080,11700,43,727,154000
534127130,11717,41,1442,185000
534127170,9156,43,1489,185750
534128010,10382,38,1107,200000
534128020,12732,37,752,206000
534128100,12936,39,723,162000
534128190,10400,44,932,256900
534129080,17871,44,1680,197900
534129370,9600,42,1288,163000
534129380,9000,42,1216,113000
534151120,13774,34,908,230000
534152120,9650,34,1350,167900
534175080,10140,13,1650,213250
534177230,8400,10,810,227000
534200030,7130,44,864,130000
534202170,9600,44,1568,143000
534226120,9100,46,925,117500
534250400,9600,37,1165,168500
534251030,16500,40,1232,172500
534252240,9790,44,1372,161500
534275060,7436,51,894,141500
534275100,8125,52,864,118000
534276040,9100,52,864,127500
534277090,9450,54,1040,140000
534278070,13495,55,1048,177625
534278230,11475,53,1584,110000
534400050,10004,47,1516,167000
534400290,9350,50,1313,153000
534402060,10500,47,1292,145100
534402140,11000,45,1154,154000
534402170,8970,46,744,177500
534403370,12095,47,1127,158000
534426110,9600,52,1041,124500
534429150,11475,50,1208,174500
534431130,9768,56,960,122000
534450150,5330,71,420,82500
534451110,7015,61,709,110000
534475185,12160,58,1505,149500
534475250,9900,44,1680,175000
534476150,9600,58,1416,167000
534476320,9600,55,1050,128900
534477110,9600,61,856,140000
534478230,9600,61,1113,147000
535101120,8944,44,1584,124000
535104120,10573,50,1453,187500
535105100,9500,48,1394,159000
535125070,14695,45,1562,256000
535125090,13600,46,768,205000
535126010,13000,43,896,193500
535126100,13560,43,1392,110000
535150070,12513,91,715,104900
535151040,8760,55,1169,150000
535152230,8400,54,1478,156500
535154060,12285,51,1329,176000
535154130,9240,52,988,149500
535175030,9600,53,1240,139000
535175050,12400,53,1215,155000
535178040,8750,55,1202,120000
535178120,8750,56,1382,153000
535179160,10400,55,1200,144000
535300120,19296,49,1362,176000
535301170,8532,57,1297,153000
535302120,9482,53,1866,135000
535303110,8128,57,1062,131000
535303150,10634,58,608,123000
535304100,13070,60,631,126000
535325290,10434,56,1005,115000
535351050,14559,60,1008,164900
535352090,8480,66,793,113000
535353040,7626,59,1031,145500
535353060,9533,58,0,102900
535353140,10615,111,978,95000
535353240,11419,63,699,152500
535354070,9600,61,1200,129900
535354100,8000,63,972,132000
535375010,5470,53,792,99900
535375050,10410,95,660,135000
535376060,10800,72,676,149000
535377150,8146,111,405,114000
535378020,9022,87,768,109500
535378120,10230,86,1054,125000
535381040,10410,96,1313,142900
535382100,7200,101,560,156500
535383060,5400,71,416,59000
535383070,5400,91,840,105000
535383110,10800,91,720,106000
535383120,10800,121,630,78500
535402010,9671,42,1248,190000
535402090,10143,48,1380,154000
535402270,11500,44,1040,163000
535402330,11643,42,1248,200000
535403190,8010,53,951,143500
535403210,10454,54,1105,135000
535403280,8712,54,992,153000
535425070,17600,51,1478,157500
535426150,9000,53,160,113500
535450070,12144,62,832,133000
535450160,8544,61,0,92900
535450200,8064,61,795,128500
535451170,7200,62,0,90000
535451250,7200,61,1208,138000
535452090,7350,53,1041,128000
535452100,7560,53,1029,139000
535452140,7200,59,732,118900
535453100,8000,52,528,138000
535453200,7931,52,1148,132500
535454100,10800,62,832,133500
535454160,8064,63,864,135000
535475010,7570,47,780,144750
535476110,8604,33,941,145000
535476240,7936,48,1045,127000
535477150,6600,49,894,109500
902101010,3950,85,818,115000
902102080,10440,101,440,110000
902103100,4080,76,901,128900
902103120,10307,101,972,103500
902103170,5720,70,676,66500
902105050,15660,101,240,130000
902105060,9900,101,504,129000
902106010,6406,72,690,150000
902106060,6600,119,994,107500
902109130,7627,91,600,94550
902109140,7596,59,960,124500
902110080,3378,65,651,135000
902134120,10134,101,801,103000
902135020,6000,58,936,93000
902201110,6000,61,768,129500
902202150,6000,57,811,93000
902204080,7404,91,861,80000
902205010,5925,71,0,45000
902205030,5925,101,600,37900
902206260,5784,73,190,91300
902207170,8520,88,624,99500
902300090,4456,91,736,113000
902301060,9600,101,677,87500
902301080,3500,64,720,110000
902325070,8100,113,849,106000
902326030,11700,131,1240,265979
902327070,8400,111,917,160000
902329080,3600,94,624,119000
902330040,17671,129,916,168000
902331010,3300,101,624,58500
902401130,9000,91,650,143000
902402150,7200,101,1022,85000
902405100,8820,121,1088,124900
902405120,5400,91,972,119000
902406070,9720,101,741,146500
902477120,7879,91,720,34900
902477130,9392,111,245,44000
903200080,21384,88,1324,223500
903201020,6615,88,1022,149000
903201080,7264,86,952,205000
903202170,4960,81,297,137000
903205040,8854,95,952,121000
903226130,6000,75,672,128000
903226170,6000,74,698,134900
903227070,6000,86,884,117000
903227090,6000,72,780,132500
903228070,6000,87,468,93000
903228120,6000,85,884,119000
903230100,6911,87,1145,100000
903231010,6120,75,927,141500
903231030,6120,76,884,133000
903231060,6120,75,264,60000
903231130,6120,80,715,105000
903232060,6120,86,960,115000
903234220,6120,73,952,150000
903236040,8635,86,1072,126500
903400220,11888,95,844,214500
903425245,11414,101,728,167500
903427120,8094,96,1048,155000
903429080,2500,96,910,155000
903429110,9928,96,672,179900
903430060,5520,99,755,104000
903430070,3000,89,1040,62500
903451090,6876,84,720,149000
903458170,6240,86,780,103000
903475100,5775,96,483,123000
903476090,5852,109,1020,97500
903481120,5160,84,1204,135000
903481130,5160,88,858,70000
903484110,10320,96,698,116000
904100190,4280,65,560,88750
904301060,10800,24,1200,179000
904301070,10800,24,1200,179000
904301100,10547,33,1152,159900
904301375,10020,89,683,61000
904351200,6629,86,672,103600
904351240,9780,77,585,63000
905101260,12886,48,520,175000
905101490,8816,48,1121,139000
905103040,11184,33,918,172500
905103070,11625,44,1052,113500
905105190,7800,44,864,130000
905107310,8014,33,456,149900
905108190,7252,29,858,134900
905108220,8740,29,840,137000
905200220,11616,49,1092,139000
905200260,15400,50,552,165000
905200350,15312,51,1138,148000
905225090,15584,55,825,165000
905228050,9000,64,0,63900
905229040,11250,54,1104,161500
905325020,25095,43,1437,143000
905377010,17140,55,1134,135000
905377130,12342,71,861,82500
905401100,10708,56,1617,190000
905402060,13680,56,0,139600
905402070,15635,57,0,122000
905450020,9855,55,1436,127500
905451300,9571,55,1073,121500
905451340,9571,53,1276,60000
905452040,9350,65,747,154400
905452050,9340,70,672,113000
905475160,7440,57,1089,125000
905475500,11500,54,0,84000
905476230,4235,27,1049,139500
905478030,11409,62,768,131000
905480030,9060,72,560,105000
905480210,9084,71,755,108000
906201021,10778,21,1054,162000
906201050,19255,28,520,156500
906201130,12327,28,1496,316600
906203120,14684,21,2158,271900
906223060,9317,18,740,213000
906223080,10560,18,1079,239900
906223210,9828,16,1128,239500
906226060,26400,131,0,131000
906226070,7018,32,0,118964
906226080,7018,32,1086,153337
906226090,7018,32,0,147983
906226100,7018,32,0,118858
906226110,7018,32,0,118858
906226120,7018,32,0,142953
906226130,7040,32,1094,148325
906226140,7007,32,0,113722
906230010,11855,11,1168,269500
906230020,7939,11,1168,269500
906230030,7976,11,1168,269500
906340100,10933,2,1555,323262
906340110,10637,4,1705,297000
906340120,10226,3,1622,295493
906340130,10816,3,1720,332000
906378110,9178,3,1468,239900
906380050,10769,4,866,212000
906380060,11422,4,1838,272500
906380100,11923,4,1800,239000
906380130,8814,5,1604,220000
906380210,6762,4,1282,200000
906380220,10324,3,1254,221800
906392070,7314,4,1232,194500
906392110,11645,6,1498,237000
906392130,11646,6,704,173000
906402060,12800,22,1518,275000
906426210,16698,19,1449,233500
906475070,28698,44,1013,185000
907126010,12464,15,1040,152000
907126050,9757,17,990,143000
907130100,15426,14,928,231500
907131090,10667,15,799,212000
907131190,14753,13,1463,207000
907135040,10859,17,1097,145000
907135170,8072,17,990,138000
907175100,10400,13,866,197900
907180130,10335,12,1490,204000
907181100,9017,12,1431,192000
907185050,8750,13,928,200000
907192030,8935,9,831,195000
907192090,9808,9,1573,227000
907194010,12420,10,944,230000
907194110,16285,10,1413,187100
907194160,10739,9,1431,203000
907196060,11166,10,1492,201000
907200230,8430,33,1040,124000
907201220,16269,33,907,140000
907201280,6950,32,914,134900
907202050,8800,34,1040,150500
907202080,7000,33,864,136500
907202130,9286,34,1268,143500
907227030,15523,39,864,133500
907227080,7200,39,894,123000
907227110,7200,39,768,133900
907227290,8445,39,768,133000
907250070,11664,9,1569,250000
907252060,12334,8,1068,254750
907252210,11838,10,1753,236500
907252220,11885,10,1299,261500
907253130,11050,11,1440,313000
907260030,8749,9,840,198500
907265010,11250,10,944,211000
907275010,15750,12,1462,220000
907275090,11883,15,1504,203000
907275140,12782,9,1822,279500
907280170,8750,14,1417,210000
907285020,9375,14,1057,219500
907285050,8750,15,880,191000
907290070,9100,10,1212,178000
907290090,9750,11,1630,213000
907290180,4435,8,848,144000
907290210,4435,8,848,140000
907410130,10200,4,1578,293200
907412020,9313,7,864,190000
907414020,8487,7,1500,190000
907414080,8633,6,738,173500
907420040,11069,4,608,170000
908102050,8777,62,0,108000
908102270,9937,47,1486,167000
908102290,8877,73,816,100000
908128060,7301,8,0,198500
908151050,7950,34,690,159500
908152035,10682,51,1014,127000
908152100,7200,35,1041,125000
908154040,13286,4,1698,320000
908186080,3675,6,547,145500
908201040,9405,64,698,118000
908203090,6410,52,876,85000
908225290,11767,61,1078,120000
908225370,8405,66,0,98000
908229020,4060,89,864,99900
908250030,10206,59,0,82000
908275040,10926,52,1678,119900
908275110,11767,55,1150,103500
908276150,8926,55,672,112000
909101010,12354,91,684,110000
909101100,8212,70,720,122000
909101140,10998,70,984,117000
909129090,6300,73,832,160000
909129100,4500,79,793,159434
909175080,8400,91,290,60000
909178160,9900,71,778,139500
909179020,15863,91,824,197000
909250080,5707,76,583,105000
909250220,7804,83,1122,135000
909251050,8574,95,816,147500
909251170,6171,86,976,137450
909252020,7200,75,560,155000
909253010,7558,83,896,177000
909253180,6292,83,861,145000
909254010,7155,93,600,137000
909257050,10918,85,1276,234000
909275080,13680,71,840,205000
909276110,7500,69,771,177500
909276200,9600,71,728,160000
909277090,14680,51,1273,155000
909277100,13360,90,876,163500
909278020,7681,90,731,154900
909279010,8145,71,920,205000
909282130,9100,57,1112,144800
909425060,12000,70,704,174500
909425130,13339,51,1561,193000
909426090,15600,62,1067,158000
909427200,14000,61,1092,158500
909428240,17500,57,1310,224000
909451040,1733,31,516,115000
909451100,1488,31,561,137000
909451140,1612,31,561,121000
909451180,1300,31,561,124000
909452050,13607,25,572,208000
909475040,17597,40,1803,315000
909475300,21695,23,880,222000
910202070,10690,91,672,147000
910204050,8660,111,760,123000
910205020,6402,91,596,78000
911103050,8470,96,1013,85000
911104060,10200,86,572,75000
911370500,3843,4,1596,230000
912251110,21780,101,0,57625
914465020,10125,11,1107,251000
914465040,12822,8,1434,239686
914465055,12118,7,1710,240000
914474070,12209,10,804,215000
914475010,9750,34,902,156450
914475030,9360,34,957,173000
914476020,10125,34,0,126000
914476380,9947,21,1188,173000
914476430,11070,20,1582,152000
916176030,14375,53,819,137500
916176125,215245,46,2136,375000
916380070,12898,4,1620,315500
916382010,13159,2,846,224500
916382100,13438,3,2190,410000
916382110,14463,3,1641,316500
916386140,8925,4,1466,201000
916403010,11457,23,1392,175000
916403200,9839,31,712,204000
916403250,14419,24,1645,213500
916455070,6853,10,1267,220000
916460110,9157,8,912,170000
916475040,14601,5,1838,315000
921128050,12633,4,1978,425000
923201100,12518,43,1008,139500
923202060,21750,51,0,115000
923203110,4500,13,1204,162000
923203190,4500,12,1224,165000
923225360,1596,38,462,91000
923225490,9858,43,864,130000
923226270,1526,41,630,86000
923227080,13383,42,1188,160000
923228110,1477,41,630,80000
923228150,1533,41,546,97000
923228230,2217,41,546,88000
923230200,7689,39,796,131900
923252075,7706,18,384,131250
923275040,9101,33,1097,165500
923275140,8780,26,833,112000
923276260,7669,19,828,149000
923400025,14115,18,796,143000
923400110,10429,19,624,130000
924100040,9819,34,1567,196000
924100060,10457,42,784,173000
526351030,11029,53,1184,176500
526353050,12925,41,1205,237500
526354070,11075,42,952,206900
527105050,8702,14,926,187500
527106050,8139,16,680,165000
527106140,9535,13,926,195500
527106150,9042,13,943,192000
527107010,15038,15,916,173000
527107090,14137,15,1348,177900
527107210,21872,15,729,175000
527127140,4923,10,1593,286000
527131110,6264,14,1664,247900
527140090,5395,18,1337,180000
527145090,5070,19,1280,180000
527161010,10839,14,926,181000
527162180,11184,13,932,183000
527163100,8000,16,773,188000
527164120,10832,17,712,194500
527165010,14067,20,836,185000
527183030,4671,23,1228,189000
527183060,5950,22,1337,188500
527208010,13543,6,1168,355000
527212050,11198,6,1122,325000
527214030,15401,7,1884,387000
527226020,31220,59,1632,115000
527252080,8118,4,1710,334000
527276040,47280,61,1488,133000
527301170,20544,25,791,215000
527301245,12680,23,1675,226500
527302050,12090,30,1422,175500
527302070,10825,28,1260,181900
527302185,18559,33,2048,235000
527302210,14450,32,1782,220000
527325070,12227,34,1330,272000
527325240,13068,35,1211,161000
527326130,15611,34,1126,175000
527354160,10400,31,738,185000
527357110,9743,42,720,146900
527357180,12511,33,1420,292500
527358120,11361,35,1193,180000
527359030,10400,35,1444,159900
527359070,10480,35,803,205000
527378020,10000,38,1176,157000
527380240,14311,15,1236,306000
527401130,9000,37,896,133000
527402060,9750,42,1054,151000
527402130,10295,42,936,111900
527403360,7560,40,864,123000
527425035,12735,39,864,111250
527427110,4060,13,1405,181000
527450110,1680,38,483,103400
527450250,1680,38,483,100000
527450520,1890,39,483,100500
527451060,1869,41,483,106000
527451290,1680,40,483,85400
527451400,1680,40,483,89500
527451550,1680,39,630,111750
527452150,4043,34,1069,140000
527453160,2308,36,855,143000
527454120,2529,34,1055,148500
527455270,9477,45,864,110000
528102030,12444,3,1932,394617
528102110,12474,4,1682,426000
528104050,14803,4,2078,385000
528104080,14948,3,1452,446261
528108150,12704,4,1582,317500
528110080,13891,4,1710,372402
528110110,13693,4,2418,417500
528114040,14418,4,1950,383000
528118030,13418,5,1850,390000
528118090,12539,6,1620,460000
528120130,12151,6,1414,379000
528142020,8899,4,948,250000
528142140,10574,7,1148,316000
528164060,12720,8,2535,615000
528166120,13688,8,1572,412500
528170070,10625,8,998,284000
528172080,10845,8,1603,284000
528178070,16900,10,1479,421250
528178090,16451,8,1765,370000
528180110,10110,3,1858,336860
528180140,8769,3,1702,367294
528181010,12304,6,1367,192000
528186030,12677,8,1518,274000
528186080,8849,6,1684,266000
528186130,8232,4,1800,370967
528186160,6240,5,1342,234250
528186170,6240,5,1342,219500
528188090,2448,8,764,155000
528188150,2448,8,764,154000
528190010,8198,7,1358,207000
528228345,3940,8,1415,195000
528228405,3940,7,1393,219990
528228445,3182,6,1346,191000
528228465,3182,4,1266,159895
528228540,3710,4,1146,187687
528235020,9024,7,789,179000
528235120,7415,7,839,193000
528235180,9587,6,856,190000
528240040,8029,6,728,176000
528240050,8010,9,840,188000
528250030,8396,8,847,213000
528253020,7301,4,1350,217300
528280130,10261,11,936,186500
528280180,8220,11,982,226750
528290010,15384,7,788,184000
528290090,7750,9,707,176000
528292060,12460,12,1037,225000
528294060,8390,12,831,185900
528315060,9660,14,1173,284500
528315110,9200,13,1470,315000
528326030,14260,11,1145,250000
528326110,11000,11,1519,291000
528346050,11675,13,1982,350000
528354100,10990,15,1064,279500
528363020,11929,16,1242,290000
528363110,10437,16,2109,350000
528365060,10542,18,1311,341000
528365080,10010,18,1080,287500
528387050,10944,17,1223,271000
528390020,14303,17,1986,301500
528427010,11932,4,1580,235128
528427070,14598,4,894,214000
528429050,11957,5,1574,232000
528429070,13253,5,1578,240000
528429080,14587,3,1498,264132
528431060,10206,4,1563,245000
528431080,12274,3,1417,227680
528431120,9801,4,1341,257000
528435020,9428,4,955,297900
528439010,10037,5,1460,247000
528458030,8640,4,1363,212700
528458050,8640,4,1372,250580
528462040,11639,4,1428,182000
528477040,9803,6,866,226700
528478030,9375,8,1053,250000
528478040,10625,6,1026,250000
528480060,10800,4,1034,339750
528480160,8125,4,813,205950
528482020,10625,4,1660,256000
528488140,7500,4,1218,230348
528490080,8791,8,864,207500
531363060,7500,7,1080,141000
531371070,10110,8,835,188000
531373060,12774,8,835,192500
531375050,13072,6,1175,146000
531375110,13695,7,1114,159000
531375120,13695,8,1114,155000
531376010,8366,7,798,173000
531376070,9260,4,1162,170000
531382090,8453,16,754,182000
531382110,8480,18,886,163000
531382120,8125,17,1408,193500
531384030,14565,17,832,189000
531385060,8450,10,827,190500
531450030,8285,19,836,175000
531450090,7153,20,1278,179200
531450170,9291,18,832,187000
531451020,8012,18,1604,193000
531452140,7892,18,1199,153900
532351050,9100,48,984,128000
532353050,12968,49,912,144000
532354150,8100,50,864,135000
532376170,8450,43,890,115000
532377020,6360,48,864,119916
532378200,6768,50,912,142000
532477030,19508,37,1430,192000
532479020,10759,39,1001,140000
533125080,9205,21,930,290000
533125140,11025,18,1848,372500
533206050,4282,7,1391,196000
533208080,4017,5,625,171900
533208140,3435,7,1235,178000
533212050,3180,6,600,165000
533212140,3180,4,689,146000
533212150,3604,4,689,146000
533213070,2280,12,744,179400
533213120,2280,12,744,172900
533215020,4765,11,1614,300000
533215030,4538,10,1310,285000
533215040,4385,10,1419,290000
533215070,4109,12,1557,305000
533215080,5119,12,1698,328900
533217050,2160,12,600,160000
533217060,2160,12,672,170000
533234020,10646,10,858,223000
533236060,2645,12,960,170000
533236070,2645,12,960,200000
533236090,3951,13,970,345000
533250050,14963,15,1260,245500
533250110,11064,16,1230,217500
533250160,10846,18,1719,324000
533251120,11120,27,1232,162500
533350090,24572,34,994,150000
533350120,16280,35,1426,290000
534104100,7500,9,952,205000
534126090,10400,41,1304,174000
534127210,11104,42,1427,183000
534127230,11050,43,1740,150000
534128050,11040,40,1258,145000
534129060,15387,44,1620,215000
534175140,9750,46,1625,140500
534177180,10800,37,1522,240000
534201240,8814,43,732,141000
534202130,8872,46,912,147000
534204030,8125,46,912,135000
534225110,11072,46,1728,145000
534225120,13101,46,1728,142600
534250010,9246,38,1656,135000
534250335,13355,40,825,170000
534250370,8963,35,1142,299800
534250410,9120,37,901,185000
534251280,9130,45,800,173000
534252090,12122,50,944,178400
534252270,9900,43,832,176000
534276190,7785,55,0,98000
534277060,8593,54,907,109008
534277070,8475,55,952,135750
534400030,8700,48,1120,155000
534400060,10175,47,1425,180500
534401130,9020,45,1127,174900
534401190,9200,46,1136,140000
534403050,8250,47,1092,145000
534403080,9350,46,1219,179900
534403100,9020,47,1248,168500
534403260,9900,50,1114,140000
534426040,10007,52,1053,145500
534427040,10721,52,1252,142000
534428020,12493,51,1100,141000
534428100,11332,51,1118,153000
534451080,6627,62,0,72500
534451170,4130,76,270,52000
534452060,7420,72,991,118000
534453140,4882,74,348,87000
534455030,9600,51,1296,141500
534477080,9600,61,1032,119000
534477090,9600,61,572,141500
534477270,9600,56,992,165500
534479150,7584,58,1036,112900
535103050,13700,46,864,201800
535104020,10197,50,1362,163000
535105030,7875,50,1144,139950
535105060,8400,49,1319,174000
535105090,9150,49,1099,165000
535126140,14670,45,1104,227000
535150210,7390,56,1098,135000
535150280,9204,48,1144,124000
535151160,7763,49,931,140000
535152200,8856,54,1176,136500
535153140,9840,52,1248,185000
535153150,9120,53,1261,163000
535176100,13200,53,1395,166800
535178060,9000,55,1196,139000
535179060,11900,54,1392,166000
535180100,9464,53,1080,136000
535180120,10425,55,1104,133000
535301080,11556,59,720,116000
535302130,9373,58,1152,137500
535302140,12774,58,984,130000
535303030,14250,54,998,180000
535305030,7350,60,952,139000
535305160,7677,58,773,110000
535327230,8838,54,0,100000
535352080,8480,64,832,118500
535354200,12436,54,1824,146000
535375140,10122,63,0,89900
535375160,7506,86,747,114000
535380050,10930,66,913,140000
535380110,5400,71,672,86900
535380140,10836,89,892,139000
535383100,10800,111,0,106250
535402120,9247,49,858,171000
535403010,10180,43,912,139000
535425060,11355,53,1312,186000
535426260,10920,51,1253,157000
535426350,12929,51,1081,148000
535427070,27650,51,585,242000
535451010,8892,58,105,116000
535451050,7200,60,876,94000
535451230,7200,61,0,98300
535452120,7910,51,1075,127000
535453020,8000,52,1256,159000
535453040,8000,49,1027,125900
535453210,7931,51,1269,155000
535454150,8064,63,768,138000
535455060,6390,57,936,112500
535455080,7227,57,832,105500
535455090,7200,57,854,127500
535456050,8513,50,1800,130000
535456070,7200,56,768,150000
535456100,7200,57,825,109500
535475020,7056,48,780,140000
535476370,9760,47,780,167900
535477090,7590,48,1117,136870
902100020,9836,3,192,143000
902100030,5232,86,680,73000
902102060,10440,107,650,157500
902103150,9184,63,780,122600
902105010,4800,101,680,111000
902105020,10440,91,1510,256000
902105130,4800,71,672,64000
902107030,6000,96,728,139500
902109080,11426,101,828,118000
902109110,11426,8,1362,200000
902109120,7628,71,801,119164
902109160,7308,91,936,122250
902128075,5400,91,931,120000
902128150,10800,71,884,155000
902134100,6756,101,481,78000
902136110,5914,121,684,95000
902201120,6000,63,789,115000
902201140,12000,63,924,147000
902202090,9000,65,904,140000
902205070,7311,65,407,46500
902205090,6000,54,928,112500
902205140,6000,57,901,107900
902207120,12205,62,448,65000
902207220,18386,131,1470,295000
902300110,9142,111,797,139500
902300215,12665,96,876,153900
902300260,5350,91,624,132000
902301140,4571,95,624,98000
902301150,9143,111,346,114000
902304060,9600,91,973,130000
902305080,9600,94,735,129500
902306120,6000,106,572,129400
902306130,9600,83,689,161000
902326060,10800,106,482,163000
902328040,6300,97,742,128000
902330010,5250,139,684,122000
902401010,5700,85,572,116900
902401120,13500,118,1237,325000
902402260,11340,91,723,55000
902405070,10800,121,1313,184000
902406020,9750,52,984,110000
902406090,12150,57,1050,131500
902427045,12702,55,0,97000
902427150,8516,53,869,115500
903201030,7111,83,1008,138000
903204010,7425,66,672,108000
903204095,9100,81,742,79500
903206070,7010,76,1024,153000
903225050,6130,87,784,109500
903225140,5000,70,672,124000
903225160,5870,111,554,106900
903226060,6000,71,981,164900
903226150,6000,87,949,119000
903227080,6000,82,862,120000
903228040,6000,74,825,157000
903228060,6000,72,739,105000
903228090,5000,85,992,113000
903230110,5520,91,565,115000
903230120,5940,65,0,79000
903231080,6240,82,704,123000
903232030,6120,66,0,81300
903232090,6240,81,1078,162900
903233080,6240,72,989,150000
903234090,6120,88,1100,123500
903234100,6120,80,952,129900
903235010,6155,91,611,128000
903235100,6324,84,520,68500
903236010,8635,63,672,127000
903400180,13053,88,833,207000
903401020,9120,86,1026,184000
903401030,9144,96,810,162500
903401050,9144,71,883,145000
903425420,10267,93,816,130000
903426160,8094,101,1242,160000
903427090,5100,86,588,161000
903429010,4347,101,796,127500
903452025,6291,81,768,93850
903453050,10266,59,768,136000
903454100,6876,73,1272,141000
903455030,10320,96,880,120000
903455140,7200,86,1040,127500
903456130,7006,86,768,127000
903458110,7920,91,319,89500
903475020,8235,56,825,125000
903476110,5586,91,901,79900
903481010,10320,99,451,85000
903481100,10320,96,536,82375
903484020,10320,105,756,135000
904100020,9488,64,1046,124000
904100040,8250,43,952,134000
904100160,21286,63,720,135000
904101170,17120,52,0,134432
904351280,10106,71,644,127500
905100020,11235,48,981,148000
905102170,11200,46,1040,129500
905103030,13014,33,1008,157500
905104080,7162,45,876,109900
905104110,10265,44,992,145000
905104180,9764,44,894,130000
905107280,7703,33,450,153000
905107380,9981,44,1073,120000
905108170,7400,27,1060,152000
905200090,12900,42,1198,108959
905200100,12900,91,1300,95541
905200160,9000,52,1006,80000
905200510,8544,45,1228,149350
905201020,9239,48,960,144900
905201110,14175,55,988,185000
905201120,13284,57,1383,165000
905202230,13500,51,1602,235000
905225040,13825,53,533,140000
905226030,10200,71,672,108000
905226110,10532,51,988,145000
905227050,8375,70,576,152400
905300020,10200,41,864,144000
905351089,2887,15,1291,173000
905352030,10005,34,1160,192000
905352070,20270,32,1524,245000
905401045,39104,57,1385,241500
905401060,53227,57,1364,256000
905402090,11512,52,1019,177000
905403060,5190,63,570,125600
905403150,10452,58,1094,155000
905425125,45600,103,907,240000
905426030,19550,71,1580,260000
905427050,21780,93,1163,185000
905427070,13728,76,1127,235000
905451330,9571,55,1509,159900
905452070,9350,36,864,99600
905452120,9360,49,621,134500
905476120,8405,111,861,119000
905477050,7000,101,1117,107500
905479110,10880,61,1164,125000
905480150,9600,87,572,79000
905480240,9084,70,616,95000
906204150,11839,21,1475,262280
906204280,9771,16,1077,260000
906223110,9938,17,1602,226500
906223140,14171,18,812,225000
906223220,10541,15,672,229000
906378190,10616,4,628,177439
906380030,9345,4,1615,248500
906412010,11778,3,2271,475000
906412050,11778,3,1751,395039
906420130,11228,18,1080,228000
906424010,11454,16,1401,225000
906475100,11500,45,1182,195000
906476030,12798,14,616,200000
907126030,9750,17,990,155000
907135020,9525,16,1099,144000
907135260,9245,17,990,145000
907175080,8696,14,1418,226001
907176010,13142,14,864,215700
907181120,8998,11,782,207500
907181140,9179,12,873,193000
907187030,8924,13,880,188000
907187080,9382,12,1468,191000
907192130,12803,9,1494,221000
907194020,12435,10,963,231500
907196040,12192,11,928,235000
907196050,11250,10,920,223500
907200110,9200,36,938,130250
907201060,8385,34,985,149900
907202010,12250,33,864,158000
907202160,10970,33,940,147000
907202190,9216,36,1076,143195
907202240,14330,36,864,163000
907203090,7990,36,924,110000
907227050,7180,39,864,127000
907227300,7200,39,780,124900
907250020,9742,9,1777,230000
907251090,9473,9,1128,237000
907253060,10316,11,992,235000
907253110,10400,10,1257,230500
907254020,9066,12,1004,230000
907254090,11404,13,1153,222500
907255020,9240,10,1055,287000
907255030,9720,10,1357,274000
907255060,14860,9,1778,300000
907260010,11250,9,1128,255900
907262030,8158,8,884,224900
907262060,10905,8,1129,240000
907262070,7226,8,798,183000
907265100,11690,12,850,207000
907285080,8750,17,915,210000
907290150,4435,8,848,136500
907290250,4426,7,848,145000
907295020,13125,14,1478,208900
907295100,10126,14,1838,185000
907405020,9135,9,1536,214000
907405140,8450,8,856,208500
907412040,9750,7,1445,186500
907412070,8450,7,1436,210000
907412080,8320,7,770,185900
907412090,11049,4,1234,179900
907418010,11058,4,1564,218836
907418040,9627,4,1351,193000
907420080,8199,6,728,189000
907425010,4426,7,848,149300
907425015,4426,7,848,141000
907425030,4438,7,848,149000
907425035,4438,7,848,144500
908102030,8777,101,796,85000
908102040,8777,111,1272,145900
908102140,9825,45,1092,123000
908102260,9937,46,1256,147500
908103260,12102,35,456,165000
908103280,6500,35,1127,135000
908127120,13907,71,996,108000
908128050,10012,39,1138,137500
908128110,6931,8,746,165400
908151040,9638,34,1029,147000
908152110,7200,35,684,160500
908152270,7024,6,1132,176000
908154080,47007,52,0,284700
908154235,63887,3,6110,160000
908186040,3675,6,547,148000
908201100,6040,56,0,82000
908201110,6012,56,0,82000
908201120,12108,56,1440,118000
908204160,6845,56,0,82500
908225170,6931,56,784,91900
908226120,12180,73,585,120000
908250040,8050,64,0,96000
908250090,9520,58,911,99000
908275130,11767,65,768,130500
908275180,8172,57,941,135000
908275280,16466,56,816,135500
908276140,7692,57,416,100000
909100150,5142,88,949,108000
909100170,5604,86,864,98000
909101060,8248,97,864,67000
909101180,5687,99,780,135900
909131170,12155,86,672,140000
909175050,8400,72,720,179500
909175100,8400,86,1181,136500
909177120,7290,90,1228,168000
909201110,8525,100,940,130000
909250040,9842,90,612,189000
909250230,7804,81,960,161900
909251080,8969,85,644,145000
909251090,11526,89,588,191000
909252110,15576,96,840,177000
909252220,15564,97,676,147500
909253190,6292,81,768,91000
909254050,7609,86,798,231000
909256060,10480,75,1064,115000
909275040,9650,88,784,138000
909275050,7200,80,776,149000
909276170,11988,77,715,188700
909277040,11700,74,942,198000
909277070,9260,73,884,110000
909281030,7801,60,1091,104000
909281110,9670,76,608,257076
909282030,14100,76,728,381000
909425010,15660,72,798,311500
909425085,12392,61,832,263400
909428170,26073,55,1898,236500
909428190,14778,57,1296,224000
909451020,1879,31,516,116500
909451150,1950,31,716,151000
910200080,7000,85,894,126000
910201130,6000,71,720,120000
910202050,3636,89,796,55000
910202100,5890,81,816,120500
910203020,6900,71,740,120500
910203090,8155,81,780,119000
910205010,6000,44,624,126000
910206110,7392,81,520,99500
910226040,9000,53,1151,165500
910251050,14584,59,0,13100
911102090,5280,116,173,89000
911102170,8500,91,649,40000
911102180,5150,101,356,80900
911226010,18000,76,894,81000
911226030,9000,91,592,65000
911370410,5587,3,1600,392500
911370490,3843,4,1596,294464
911370520,3811,7,1594,250000
911370540,3842,7,1594,275000
914453045,23730,15,1840,300000
914465060,13265,9,1568,271000
914467050,11050,15,910,213000
914475020,9880,34,1096,171000
914476010,10125,34,1196,171500
914476080,10260,35,0,100000
914476450,9990,20,1680,228500
916125425,164660,46,1499,228950
916226030,4084,25,1277,241500
916325080,15498,35,1565,287000
916380060,11563,5,1518,294000
916382120,9520,4,1638,293077
916384100,12852,4,920,264966
916386040,9802,5,352,172500
916386180,12018,3,796,218689
916402015,12890,22,1495,150000
916402115,12416,25,1606,184000
916402215,18265,25,1256,180000
916403230,10200,23,1461,175000
916455120,11202,8,1432,232500
916460060,7915,12,1666,195000
916477020,12244,8,1482,305000
921126030,11449,4,1884,298751
921201060,11447,6,1964,370000
923202005,8940,14,1344,209200
923202015,7060,14,1344,206300
923202137,9278,4,1092,146000
923203140,4500,14,1189,160500
923204040,14137,47,1200,173000
923225080,4224,36,1040,124000
923225150,2665,35,264,115000
923225200,2665,35,550,129500
923225310,1974,38,526,105000
923225370,1596,38,462,94900
923227030,17979,43,1113,152500
923228080,1477,41,546,98000
923228420,1890,39,630,81000
923250210,21750,57,988,113000
923252100,6490,28,816,128500
923275090,6951,27,876,119500
923277030,6600,29,816,130500
923277040,6600,29,816,138000
923277080,6600,29,845,134500
923400040,12508,71,983,160000
923426010,12395,27,864,137500
924100020,11075,42,784,172000
1007100110,56600,111,686,103000
526352080,10667,40,1587,167300
526352090,10628,41,1277,167000
526355170,13651,38,2223,244000
526355190,15865,41,2217,268000
527105140,12394,8,847,225000
527107040,10364,16,806,168000
527110080,13869,14,794,177000
527110120,8773,14,916,169000
527110130,8872,14,384,161500
527126030,5330,11,1494,251000
527158090,10147,17,392,160000
527161090,8637,12,923,180000
527162080,7875,15,691,178750
527162090,7875,16,1237,176000
527162140,7500,12,938,204000
527163080,9556,19,1168,160000
527165020,10784,20,384,160000
527165100,9125,19,384,163900
527165170,7655,18,903,168000
527175130,18160,47,1302,154204
527182040,3696,25,1074,170000
527182170,5062,27,1190,207500
527184020,4740,23,1166,182000
527184110,5118,21,1312,212000
527210060,14157,6,1922,377426
527212060,12328,6,1149,349265
527216080,51974,5,2660,591587
527226040,41600,42,1100,155000
527252050,8035,5,1612,319900
527252070,8089,4,1419,392000
527256030,14082,5,2220,441929
527256040,13870,5,1742,455000
527301080,12546,30,1440,182900
527301280,10960,27,1284,174000
527302020,12090,27,585,178000
527302060,12090,30,725,176000
527302090,12299,33,1529,213000
527325090,11339,32,780,192000
527325110,11952,34,808,190000
527327050,12046,35,848,195000
527328020,10395,33,1032,148000
527328050,11850,27,1153,151500
527353080,11584,32,539,197000
527354050,10400,32,1259,192350
527356050,10793,42,780,152000
527357020,13001,40,1625,170000
527358060,12243,40,1484,175000
527359010,11700,43,702,175000
527359080,12384,35,793,197900
527359160,8991,35,1228,174000
527377110,8000,37,1084,178900
527402090,10500,40,372,139000
527402150,10530,40,981,143250
527402240,7472,39,725,184000
527403310,9457,41,925,155000
527404050,7920,41,914,133000
527404100,9758,40,950,119500
527404140,8294,40,858,123000
527404150,7340,40,858,110000
527425025,17199,50,914,128000
527425140,9000,40,864,120500
527427090,4058,13,723,133000
527427160,4113,10,1337,155000
527427200,10943,14,1405,177000
527450030,2205,38,525,113500
527450150,1890,38,672,113000
527450220,2058,38,672,113700
527451020,2016,41,630,106000
527451170,1920,40,765,122500
527452100,4928,35,1078,128000
527453010,2308,35,804,155000
527455030,2304,33,1061,142500
527455250,7150,45,988,129250
528102050,12469,5,1790,356000
528102090,11694,4,1822,314813
528102100,12030,4,1694,318000
528102120,11825,5,1694,322400
528102130,12085,4,1734,318000
528104010,14333,4,2108,345474
528106040,14450,5,2121,415298
528106050,13641,4,1934,492000
528106060,13440,5,1108,338931
528106110,15431,6,1994,450000
528108160,14154,5,1063,280000
528110040,13891,4,2552,479069
528110070,14226,5,1935,395000
528110100,13693,5,2153,380000
528112150,11428,5,1626,250000
528114050,14977,5,1976,440000
528118040,13654,6,1704,418000
528118050,17169,4,2320,500067
528120010,16659,4,1582,260116
528120150,9591,7,1143,317000
528142050,9709,4,918,319500
528144050,10562,4,1582,325624
528150040,13615,5,1802,372000
528150110,13069,7,1706,342000
528150120,12099,7,1136,354000
528166150,14277,8,1317,350000
528168040,11999,8,1181,285000
528172030,12568,4,895,281500
528172050,9926,6,1614,245700
528172070,9254,6,1721,232698
528172075,10732,5,1298,250000
528174010,7577,6,1362,194700
528174020,3901,6,1302,204000
528174030,3903,6,1302,200000
528174040,6289,6,1362,207000
528181060,4590,5,1554,209500
528181070,4590,5,1554,209500
528181080,6442,5,1370,202500
528186050,7841,6,1577,280000
528186090,7313,6,1561,277500
528186120,7820,4,1869,318061
528186190,6240,5,1324,221370
528188160,3242,8,1405,200000
528218010,15810,4,768,181755
528218020,10237,6,768,176000
528218050,10237,6,783,178900
528218100,13204,5,608,168165
528221030,8857,5,738,171925
528221040,9729,5,698,198444
528221050,12216,6,1326,203000
528221090,9018,4,728,179540
528222030,8993,4,1302,176485
528222040,8899,4,1340,181134
528222050,8499,5,616,156932
528222060,8229,4,752,166000
528222080,7713,4,728,177594
528222090,7697,4,1246,173500
528228270,3922,5,1258,172500
528228275,3922,5,1258,194201
528228375,3621,8,1406,226500
528228555,3710,4,1266,185485
528231010,14572,7,1530,259000
528231030,16219,7,835,188500
528235000,11084,7,384,175000
528235160,11796,7,847,215000
528235170,10936,5,1510,206580
528240020,8244,7,840,183500
528250010,11950,8,384,165500
528250070,7875,8,847,211000
528275035,8063,11,924,181000
528275110,8740,9,854,219500
528280110,7917,12,953,175000
528280150,9967,11,384,170000
528290060,7750,8,660,162000
528290170,9487,11,915,187000
528294010,9649,12,941,185000
528320050,15623,15,2396,745000
528322020,12191,14,1779,384500
528326060,11000,11,969,248000
528327060,11400,10,2633,466500
528340030,10557,13,1408,410000
528344020,11002,13,1389,322500
528348030,10790,13,1066,252000
528351010,21535,17,2444,755000
528354060,9920,15,1117,269790
528354110,11787,15,1379,315750
528358040,9950,16,1203,290000
528364110,12257,16,1318,290000
528366050,12692,19,3200,430000
528366070,11762,19,1105,263000
528376010,9044,15,1325,330000
528427040,9910,4,1369,213133
528427100,11830,4,1542,260261
528429090,11670,5,1905,320000
528429110,15256,4,1485,282922
528431030,10612,5,1524,215000
528431040,12291,4,1966,419005
528431050,13501,5,1623,255000
528431110,9986,5,1795,147000
528435010,9965,4,1528,235876
528435040,9416,4,1726,311872
528435060,9849,4,1689,248328
528435070,10000,5,1588,227000
528439040,8847,6,1538,260000
528439050,9158,4,1496,225000
528439080,8251,6,1494,249000
528441080,10084,7,1686,307000
528445020,9605,5,982,250000
528445070,8778,5,1302,221300
528456190,8640,4,1338,208900
528456230,9000,5,1335,210400
528458080,8640,4,896,255000
528458090,10411,4,725,212109
528458120,9000,5,1088,270000
528458130,9000,4,1184,303477
528458150,12217,4,955,310013
528477020,11096,5,1656,249700
528480020,10207,4,874,227875
528480180,10440,4,1574,261329
528482010,11824,5,1685,253000
528482030,10625,7,1158,265000
528482090,11143,7,1580,340000
531363020,7500,5,1100,146000
531363040,7500,5,1143,147000
531375140,12450,8,1094,149000
531376060,7441,5,1461,181000
531380110,8462,17,928,201000
531384070,11613,18,864,191750
531385070,8450,11,1349,179000
531385130,16196,13,1482,215000
531451030,8012,19,1575,179200
531451150,8012,31,630,128000
531453140,9180,28,840,144000
531477040,8400,34,0,144000
532353120,6285,34,894,120750
532354010,8480,48,970,132500
532354060,7420,49,1057,132000
532354070,7758,49,999,132500
532376040,6970,50,1040,129000
532376090,13673,49,1140,143900
532377050,7476,43,1040,145000
532377140,9945,50,988,128500
532378240,6173,44,876,125500
532476080,19522,21,1223,300000
532477040,17542,37,1192,294000
532479050,10751,37,1037,129000
532479120,16647,36,1390,171000
532479140,12712,38,1044,147000
533120030,9572,21,1453,302000
533130170,10678,19,1683,285000
533205110,4379,7,1378,214000
533206060,3523,5,1141,166000
533206070,3784,5,1511,193800
533208010,4230,5,1352,208900
533208020,3606,5,1352,194000
533208030,5330,5,1550,207500
533208040,4274,5,1241,199900
533208070,4251,5,625,164700
533213130,2280,12,744,176500
533213140,3230,12,729,176000
533221030,2117,11,756,168500
533221060,2117,11,756,177000
533221100,2117,11,756,177000
533223050,5105,7,551,148800
533236040,2645,12,776,174000
533241030,7399,14,975,239000
533242080,7321,12,1339,204000
533242090,8010,8,1054,301000
533244040,8413,13,1220,312500
533250190,9466,17,1494,279700
533251110,12000,31,2002,255000
533251130,16157,33,1360,194000
533252130,10768,35,1437,218000
533253180,3840,33,1057,213750
533254100,9600,35,528,187000
533254130,9600,35,1262,181500
533350020,17778,30,2461,373000
533352075,18890,34,1361,190000
534104090,7050,10,1057,226000
534125120,11700,43,912,143450
534127080,8000,41,1008,240050
534127140,8723,42,973,162500
534127260,11700,43,1295,164000
534128090,11358,39,1124,185000
534151090,9547,18,1594,188500
534151180,10530,18,1148,255000
534175010,11500,35,1680,136905
534176140,10738,45,1093,158500
534177210,9600,38,1242,175500
534178010,10800,48,1052,127000
534201040,8050,44,949,127000
534202030,10355,44,1214,143000
534204120,10289,46,1073,156000
534252040,9503,53,1024,144000
534252060,10624,47,1728,119000
534252070,10899,47,0,103000
534252110,12342,51,978,139900
534275170,12772,51,958,151500
534275220,8892,51,1065,126500
534276070,10482,53,588,145000
534276160,7535,53,912,120000
534276180,7450,55,894,124000
534276290,8339,52,0,106500
534278150,14357,50,864,140500
534278170,8243,50,964,137500
534278190,8680,51,894,117600
534401120,8800,45,1174,163500
534401200,9200,46,1042,161000
534403040,9350,47,1302,158000
534403290,8800,47,845,224500
534403420,11382,47,1130,147000
534425015,22002,52,1592,200000
534425080,14585,51,1144,181900
534427140,7388,52,1063,150750
534429030,9842,49,0,101800
534430090,8280,61,932,124000
534431020,12172,71,822,138500
534450090,5000,65,0,39300
534450110,5000,65,666,64500
534451020,3500,66,370,64000
534453080,5175,53,808,112000
534475170,9500,47,816,165000
534476080,9600,56,1078,144000
534478140,11345,63,928,137000
534479120,9492,70,768,105000
534479140,9480,69,728,146500
535101150,8668,43,1560,126000
535102010,10050,45,793,175000
535105110,9600,50,1218,158500
535106140,10150,53,912,114500
535106180,11344,53,874,144000
535126180,18450,46,1021,129000
535151020,8760,54,936,141000
535151100,6860,55,1008,131000
535151110,8250,48,1053,142100
535152060,8176,53,1056,139000
535154080,9750,53,1442,157900
535155110,9250,57,1056,139400
535176070,11988,54,1244,150000
535177020,9100,51,1144,120000
535177110,9736,54,1331,174850
535179120,9770,54,922,116000
535180030,10152,55,1048,135000
535181030,12155,41,1657,163500
535181140,12198,56,1204,130000
535300040,10050,56,1216,129500
535301060,11556,58,864,142000
535301160,8078,53,1560,128600
535302070,10950,59,948,125000
535304170,7942,58,1040,136000
535305180,8923,58,1008,134500
535325090,8540,55,925,127000
535325280,7134,56,384,130000
535325320,7150,56,1190,115000
535327160,8400,56,923,116900
535327200,13300,55,928,132000
535353050,9532,58,1105,153000
535353130,15783,59,924,112500
535353160,14190,121,925,138000
535354050,9600,62,845,135000
535354260,12099,58,1216,156000
535355020,21281,76,666,301600
535375130,10134,71,735,109000
535376010,5500,55,882,103200
535378080,10284,86,1151,128500
535379060,10800,84,656,64500
535379110,10800,116,736,148000
535382150,5400,91,691,86000
535402140,10090,48,725,172000
535402180,8700,50,920,120000
535403030,8300,43,952,128500
535426130,11606,42,1040,135000
535450190,8064,62,672,122900
535450220,11664,63,1082,119200
535450310,10496,62,1040,143000
535451040,7200,61,876,119000
535451100,7200,61,864,102000
535451110,7200,61,864,129000
535452060,7000,51,1010,135000
535453080,7500,52,1040,152000
535453150,7315,53,1170,140000
535453180,7903,51,1242,152000
535457020,8000,51,1377,156500
535457040,8000,50,1800,141000
535457050,7000,50,0,99000
535476360,9760,47,822,187000
535477130,7590,49,864,169500
535477180,6600,49,864,125500
535478040,6760,49,896,130000
902100010,6978,85,850,103000
902105110,9600,101,264,132000
902106070,6000,84,845,127500
902106120,4480,89,1022,89500
902107050,7200,31,936,140000
902110010,3153,91,967,99900
902125120,10800,126,641,100000
902128160,7200,71,808,130000
902201090,9000,111,680,135000
902201130,6000,63,649,120000
902202070,5925,74,907,89471
902205020,5925,111,570,85000
902205130,6000,91,960,108500
902206270,9639,111,1075,137000
902207010,3880,66,686,110500
902207150,8520,88,968,100000
902300020,10337,101,725,184900
902300040,9863,84,728,145000
902301030,9600,86,702,125000
902301130,4571,101,616,114000
902302150,13600,111,662,90000
902303100,8398,101,926,144100
902304040,9900,131,1008,117500
902305010,3600,81,687,124500
902330090,13500,132,819,185000
902332030,7200,101,1214,133900
902401030,5400,85,1149,152000
902404010,8100,63,1559,153500
902408080,10800,121,718,159500
902427040,9439,81,912,87000
902427140,8626,55,0,104500
902427180,11800,62,0,110000
903201090,6854,86,756,136500
903204030,8674,61,910,128250
903205085,8731,91,915,144000
903206170,8737,88,1065,210000
903225040,6125,72,728,135000
903227140,6000,72,600,128000
903228080,6000,70,735,131000
903231050,6120,72,884,113000
903231090,6240,73,861,126000
903231180,6240,72,672,132000
903232100,6240,81,966,131750
903233030,6120,85,756,132500
903233050,6120,91,939,137500
903233140,6120,82,832,132000
903233180,6240,80,884,127500
903234160,6180,85,960,102000
903236130,7755,93,1100,200000
903400040,13515,92,764,180500
903401070,8850,91,768,165000
903425270,8550,85,750,90000
903425280,8730,96,698,153575
903426010,5700,82,672,140000
903427040,8520,95,714,136000
903430040,5680,110,592,113000
903430050,5680,110,969,117000
903450060,7758,80,1040,169500
903451110,7449,81,637,139400
903453080,13200,48,741,202500
903454010,6882,97,684,127000
903454090,9000,74,780,141000
903456110,9780,61,976,212300
903457040,10320,96,1138,161000
903457130,4330,53,808,99500
903458020,7200,91,530,101000
903458060,4800,95,1196,109900
903475040,12358,70,720,128500
903475060,10120,101,925,122000
903476100,4388,81,672,87000
903484080,10320,101,771,50000
904100100,12888,74,1005,219000
904101070,18030,65,1598,200500
904301110,8160,71,756,126000
904302010,4484,69,672,108500
905100060,11235,48,925,130000
905100080,11235,47,1420,158450
905101070,14299,47,1005,115400
905101200,7943,50,1029,118500
905102010,14149,47,980,165000
905103110,11677,45,1040,123000
905104030,8400,45,814,129000
905104090,7094,45,894,125000
905104170,8978,43,948,108000
905104240,8425,40,768,119900
905105040,8665,43,876,115000
905105170,8398,44,943,134500
905105260,7742,45,955,127000
905106150,8724,43,894,129000
905107140,8197,34,660,143500
905200010,8169,45,912,129000
905201080,14175,55,1240,187000
905225020,16779,91,671,158000
905226050,25339,93,816,112000
905226080,6960,71,680,165250
905226130,11375,57,967,150000
905226170,13770,53,1158,137000
905228020,9000,66,0,89500
905301050,115149,40,1643,302000
905352010,11075,27,1190,182000
905352180,10029,23,1151,211000
905376090,17541,63,409,216000
905377020,22692,58,1073,130000
905377050,17808,65,484,109900
905401020,12671,57,1288,255000
905426010,12615,61,1202,243000
905451390,10512,57,988,154000
905475270,5400,53,864,118000
905475520,11515,53,0,80000
905476160,7711,34,1440,150000
905476170,9098,91,528,86000
905476225,3869,27,1038,130000
905478140,9280,60,1342,125000
905478220,11100,60,1080,136500
905480090,7550,91,951,96000
905480180,9060,54,0,120000
906200230,23920,27,1105,228500
906201022,10357,21,910,179900
906201023,13474,21,700,225000
906201200,10380,25,1502,301000
906203140,13125,20,1104,238000
906204140,11287,22,807,228500
906223040,9317,17,779,220000
906340080,9965,4,1264,383970
906340090,9965,5,1466,424870
906378120,9178,4,1643,250000
906378150,10481,5,2140,360000
906378170,10652,5,1494,279500
906380010,11175,4,1316,200141
906380040,10235,4,1643,246500
906380070,9588,4,1482,276000
906380120,8814,6,1274,203000
906380140,11103,5,728,155835
906380160,8556,5,1240,194000
906380200,6762,4,1208,195400
906382020,11750,6,1546,217000
906382060,8760,5,1489,212999
906392080,7242,6,1270,175900
906394020,9316,6,879,191000
906394050,9317,5,1314,176432
906402070,14364,23,1157,277000
906403060,8883,23,929,207000
906426060,159000,53,1444,277000
906426195,53107,19,1580,240000
906475110,12205,45,832,187500
906475170,20064,35,966,279000
907125040,14217,17,1022,139500
907125120,8775,17,990,126000
907130060,11249,16,1200,177500
907131060,10021,14,635,175000
907131120,9531,13,794,211000
907135050,8428,17,990,146000
907135080,16561,15,1097,147900
907135180,8070,17,990,123600
907180040,9337,14,824,204750
907187040,10820,12,988,235500
907187060,12352,13,853,217000
907192020,9543,10,845,190550
907192040,8826,11,985,217500
907192120,10665,8,1453,226000
907192150,11317,8,840,180000
907200130,11800,37,864,131000
907200190,8660,35,1015,153500
907200250,9720,34,995,160000
907200270,8982,34,1040,134900
907202100,16300,34,876,130000
907202220,9675,36,864,120000
907203060,7700,39,882,112500
907203110,10356,36,969,122000
907227060,7200,39,864,127000
907227100,7200,39,385,117000
907250050,10386,7,2000,305900
907252020,9375,9,1284,228500
907252190,11354,11,1673,270000
907260040,8749,9,1459,192000
907260050,8749,8,979,213000
907262020,8158,9,860,200000
907270040,16226,13,1028,267000
907275080,11927,17,1556,228000
907275150,12728,10,1531,275000
907280090,15295,15,860,211000
907280100,11248,9,1626,285000
907285040,10000,16,1220,240000
907290140,4435,8,848,131500
907295040,17227,12,1341,246900
907401060,8200,8,847,219500
907405130,8450,8,1337,185000
907410020,8145,4,738,179400
907410050,9245,5,939,213500
907414060,8500,7,1422,179600
907414070,8769,6,1169,173500
907420050,8334,5,1330,167840
907420060,8333,5,738,168675
907420110,9045,6,768,167000
908102100,9170,46,1214,140000
908102160,9825,44,936,118500
908103090,8308,48,1088,110000
908127040,10921,46,960,94750
908127060,16287,86,901,122000
908127070,8240,51,1179,110000
908127100,11841,21,816,118500
908152060,6285,35,960,133500
908152070,7917,35,1143,148000
908152180,9555,32,0,141000
908152260,8536,5,1125,155000
908152280,7024,6,1090,157000
908152290,7023,6,734,171500
908154195,39290,3,5095,183850
908154205,40094,4,3138,184750
908186050,3675,6,547,140000
908204090,6400,52,960,131750
908204180,6882,56,0,61500
908225240,10215,57,864,111000
908225310,8741,65,1195,98500
908226180,4270,80,544,79000
908228010,10042,91,660,108500
908250100,9450,57,894,110000
908275090,11767,101,560,112000
908275200,8172,56,768,125000
908275240,8172,56,864,79275
908276230,8190,57,948,119000
909176080,10896,97,1440,200000
909176170,10890,88,1296,150000
909250150,10592,88,602,165000
909250160,10594,85,768,96500
909251030,7223,85,1290,136500
909251040,6821,90,651,146500
909252010,7200,74,731,175000
909252150,4000,81,531,148500
909252170,6720,90,585,141500
909254090,7642,93,912,189950
909254100,7155,85,686,135000
909254130,7128,70,918,164000
909254140,4280,98,440,90350
909254150,5362,101,661,139000
909256120,6305,73,920,119750
909275020,7136,65,979,145000
909275030,6270,62,1001,145000
909275110,7230,84,851,238000
909275160,13108,60,0,153500
909275310,22420,93,1370,239000
909276160,12168,77,965,359100
909276210,7810,81,930,188000
909279080,11275,79,854,220000
909281020,6221,70,728,140000
909281130,10570,79,853,315000
909282020,7259,66,1028,259500
909425140,14442,54,1477,257500
909425270,13125,71,800,219500
909428120,21000,58,1809,217000
909428180,25485,51,1560,201000
909428340,21579,43,1488,215000
909451130,1782,31,516,123900
909452102,17871,16,1680,170000
909455060,3907,23,1004,200000
909475050,20693,40,1696,198000
909475070,32668,54,2035,200624
909475230,18044,25,279,315000
910200040,8500,92,793,115000
910200110,7000,71,720,141000
910201020,5000,70,720,87000
910201050,7288,86,936,129850
910201110,6060,72,732,100000
910201180,9060,88,859,150909
910202030,3672,89,816,75200
910203290,8263,91,1012,118400
910204090,8967,91,961,67000
910205130,13710,61,910,152000
910206010,11067,72,0,68104
911103060,8250,116,957,119600
911128010,6565,54,1073,140000
911128020,6060,81,837,124900
911370450,5568,5,1573,375000
911370460,4750,5,1573,235000
914452090,12150,32,1001,183500
914452120,7540,33,888,156000
914452190,9187,28,1084,134000
914460020,10000,9,1441,215000
914460110,12864,9,1409,245000
914476330,9928,20,1454,210000
914478020,8750,36,852,148000
914478100,8410,37,970,143000
916226090,4054,24,1501,244000
916253320,9763,13,1502,330000
916326040,16905,52,1350,170000
916326090,19958,53,585,257000
916384050,8368,5,1689,231713
916384070,8298,5,1546,267300
916384080,9037,5,1476,265900
916384150,10991,4,1571,239000
916386170,10656,5,1638,248900
916403040,10331,26,1265,174000
916403290,13758,21,1156,187500
916455010,9303,15,872,204000
916455050,6718,10,1267,180500
916455110,9590,8,868,187500
916455150,11305,9,1922,282000
916460020,7777,15,1491,178000
916475020,14536,9,1616,270000
916477060,11800,8,1122,279900
917425190,35133,48,1572,186700
921126010,15306,5,1732,283463
921128030,12633,5,1824,392000
921205070,12665,6,1094,281213
923202134,8402,4,1120,147000
923202220,43500,58,0,130000
923203010,6710,15,920,140000
923204050,25286,48,1064,132250
923204140,25000,44,1632,143000
923205025,32463,50,1249,168000
923225040,4224,35,1040,129900
923225050,4224,35,1142,134000
923226300,1504,39,546,85500
923228200,1533,41,530,106500
923228220,1495,41,546,93900
923228250,2001,41,546,75000
923228290,1936,41,630,84500
923228390,1890,35,546,75190
923229010,11333,35,1029,146800
923229040,9129,34,923,153500
923229100,15957,34,1244,188000
923229140,33983,34,1160,196000
923230010,8286,34,716,157000
923230120,6723,40,796,138000
923230180,7244,41,768,129500
923251160,27697,50,1396,80000
923252080,7599,29,845,129500
923275010,11000,35,1090,135000
923275200,8314,29,816,124500
923276180,11625,28,816,139000
923400150,10712,20,974,93500
923425030,10447,27,864,124500
526302030,11027,57,1178,149900
526302040,10533,55,1008,157500
526302120,11765,54,1617,169000
526303060,39384,54,1705,252000
526354020,11727,42,1851,192100
527105060,8238,14,813,183500
527106010,13006,14,964,222000
527107020,13041,16,781,170000
527107030,13031,16,691,187500
527107120,9783,15,821,202000
527107240,11207,14,802,185000
527108010,19378,6,1392,320000
527108020,14859,5,1670,240000
527108030,13128,6,1074,250000
527108040,10463,6,893,239900
527108060,13751,6,1700,309000
527108090,23257,5,868,274725
527146135,13108,17,2062,270000
527158020,8076,18,1160,183500
527163020,7685,18,697,165600
527166030,9084,13,935,176500
527182020,3701,24,1191,130000
527190050,5306,24,1064,239000
527190220,6563,26,1742,275000
527210030,16023,6,1398,457347
527210040,18062,5,1528,545224
527210050,12292,5,1094,356383
527212030,16056,6,1992,556581
527212040,12438,5,1234,361919
527214060,16052,5,1850,535000
527216010,15922,6,1390,401179
527216050,13682,5,1410,438780
527226010,14762,63,0,169000
527250040,34650,56,1056,145000
527252090,8147,6,1714,318000
527254070,11302,6,1814,319000
527256120,18261,6,1910,470000
527301010,14145,27,1208,202500
527302080,13837,23,1204,229000
527325160,16659,34,795,235000
527327080,18800,35,796,190000
527328010,10464,31,988,169000
527354040,10400,23,1845,241500
527355060,10530,33,945,188900
527355280,10240,31,1686,207500
527356020,16692,33,1392,250000
527356060,11475,36,713,179900
527358090,9927,35,1047,172000
527365010,9512,6,960,294323
527375160,10530,36,675,184500
527376090,10140,36,1056,153500
527376110,10140,35,832,162900
527377030,10140,37,1040,181000
527378010,10000,37,1103,155000
527402210,15870,42,1096,138800
527402380,9353,41,864,116050
527403120,8125,40,858,88000
527404180,7200,40,864,97500
527427210,8773,9,1487,190000
527450010,2760,38,525,105500
527450080,2160,38,765,125500
527450210,1953,38,483,83000
527450460,1890,39,494,116000
527451200,1680,40,672,91500
527451380,1680,39,672,118000
527451450,1680,39,483,89000
527451460,1680,39,525,108000
527451520,1680,39,483,94500
527452070,4043,36,1069,146300
527452290,7514,44,943,145000
527452310,7838,44,864,123000
527453070,2280,35,1055,137500
527455100,2179,35,855,144000
528102010,16737,7,1980,315000
528102080,16387,5,1738,412083
528106010,16259,5,1249,342643
528106120,16163,7,1618,252000
528110050,13891,5,2076,465000
528112010,12228,5,1721,293000
528114010,14780,6,1868,415000
528116030,16033,7,1833,326000
528118010,14215,6,1158,325300
528118020,13418,7,1117,309000
528118110,13975,6,1090,300000
528120110,10240,6,1030,275500
528120140,9942,6,1606,338500
528138030,11924,6,1175,345000
528142010,12867,6,1209,344133
528142060,10672,5,1054,298236
528142070,11643,6,1524,329900
528142110,12378,8,1896,360000
528144030,11065,5,1085,281000
528150080,13758,6,1792,372397
528150090,14828,7,1780,378000
528164040,11846,8,1792,374000
528170040,20431,6,1848,437154
528172020,10927,6,1058,275000
528172150,13215,7,1420,279000
528174080,7052,6,1364,185850
528180080,5911,6,1560,282500
528181030,6955,6,1368,202500
528181040,6792,6,1368,202665
528186100,7740,5,1686,332200
528186110,6373,5,1666,310090
528188040,3136,8,1405,171750
528218030,10237,6,1316,169990
528218060,10237,6,728,170440
528218080,10237,5,738,169985
528218130,17104,5,654,179665
528218140,14054,5,879,219210
528221010,11660,5,1326,174190
528221100,15578,5,728,172785
528222010,11631,7,1052,258000
528222020,9073,5,738,185101
528228280,3087,5,1220,210250
528228325,3196,8,1374,234000
528228340,3196,8,1273,215000
528228360,2938,9,1368,246990
528228415,3072,7,1375,178740
528228430,3072,7,1365,225000
528228545,3010,6,1248,167240
528228550,3010,6,1142,156820
528228565,3013,6,1362,213490
528228575,3982,5,1520,264561
528228580,4045,5,1356,246578
528231050,21930,6,732,192140
528235050,7861,9,783,183200
528235130,9056,7,707,178000
528235190,9171,7,848,201490
528240080,11194,11,1406,230500
528250060,7875,8,783,180000
528275060,8121,11,953,172400
528275080,8658,11,982,215000
528280100,11214,13,930,199900
528290140,10852,11,959,173000
528292080,12104,5,1035,287602
528294070,8738,12,975,230000
528315030,9452,14,1396,348000
528315070,9660,13,1044,286000
528315080,9545,11,1160,300000
528320060,35760,16,1930,625000
528327010,9233,11,1540,405000
528344060,12011,13,1086,280000
528348010,12090,13,1141,258000
528358030,10019,16,1342,350000
528360050,17242,18,1733,584500
528363070,10236,17,1290,321000
528365090,10120,17,1165,290000
528366040,12585,18,1286,315000
528429060,12447,6,1100,252000
528429100,15218,5,1670,336820
528429120,20896,6,2077,423000
528429130,10182,5,1660,290000
528439030,8688,6,1616,232000
528445010,10936,5,1504,199000
528456200,8640,5,1278,198600
528477010,13162,5,2036,405749
528477030,11216,5,1489,232600
528480070,10728,5,1095,266000
528480100,8125,6,756,186500
528480110,8125,6,858,200825
528480150,8125,5,770,197000
528488110,7200,5,1262,185000
528488120,7500,6,1257,176000
528488130,7200,5,1293,187750
531363080,7733,6,1142,139500
531367010,11024,6,1400,186800
531375060,13072,6,1131,132000
531375070,13072,6,1141,142500
531375100,13072,7,1158,158000
531376030,7800,6,891,184000
531376050,7632,6,784,184900
531379030,8304,14,941,187000
531450040,7153,19,761,175900
531451290,9370,19,836,248500
531452080,7175,21,1398,172000
531452100,7175,20,1217,151000
531452210,9019,17,636,150000
531478010,8900,45,1056,107000
531479030,7800,46,828,119900
532351060,9100,49,988,129500
532351090,9100,48,1728,125000
532351150,8927,34,0,119500
532353030,9240,49,864,144000
532353180,8471,34,506,151000
532376080,9308,46,984,126000
532376180,8450,43,882,116000
532376250,8638,48,925,133500
532378050,13052,46,1024,120875
532378070,13526,46,935,137000
532378130,8020,47,912,124000
532378160,6993,50,912,135000
532378220,8789,44,912,129200
532476050,14330,37,1748,260000
533110130,16059,20,1288,260000
533125120,11025,19,1334,334000
533127080,14541,18,1338,310000
533128030,13346,19,1095,268000
533128090,12461,17,1624,262000
533206040,3628,7,1143,176400
533208050,3316,6,1247,197000
533212100,3180,6,600,151000
533212110,2544,6,600,147400
533212120,2544,6,600,149900
533212130,3180,6,600,144152
533221080,2998,11,756,166000
533223010,3735,12,691,183900
533223080,2651,11,673,165000
533223110,4447,8,530,139000
533241010,8314,14,569,200000
533242030,7180,10,1568,221000
533250130,9549,16,1494,270000
533252020,11250,34,1208,165000
533253030,3760,31,1235,214000
533253050,3640,31,1036,188000
533253090,3874,31,1226,190000
533253160,3876,33,1226,170000
533350050,50271,30,1842,385000
534125210,13110,39,1153,146500
534126060,10192,43,570,170000
534127190,20781,43,1568,262500
534127270,11700,43,708,179900
534128210,11029,43,1054,250000
534129230,10400,39,732,165150
534175100,10140,44,1334,164500
534176250,9600,42,1164,140000
534201130,9750,44,980,135500
534201230,9600,43,1051,142000
534201250,8640,43,900,155000
534201260,9360,43,976,157500
534201280,8400,43,1052,138500
534201300,8400,43,833,140000
534202020,9759,45,1051,124400
534202180,9600,44,1141,158000
534226060,9230,46,864,146000
534250300,14803,40,825,190000
534275010,10659,50,1050,136500
534276010,9100,53,864,129900
534276230,8393,52,1626,145000
534400120,8800,46,1187,185900
534403280,8800,47,1251,160000
534403400,10368,47,1008,167000
534403440,9350,47,720,157500
534427090,10382,53,588,140000
534428060,8973,53,1008,150000
534429130,10800,51,1248,151500
534430050,8550,77,816,129800
534430110,11425,57,1008,137000
534431030,9724,64,938,137000
534451050,4712,65,747,121600
534451120,5900,88,440,85500
534451130,5825,85,600,79900
534453150,7438,103,504,127000
534455080,9600,50,1251,161000
534475160,10858,59,1444,146500
534476100,9600,60,1056,135000
534477030,10680,60,2136,137900
534479130,9490,70,806,133000
534479240,9462,62,704,137000
534479300,9888,57,936,121000
535101110,8917,44,1584,119000
535103070,12700,47,1246,172000
535105160,8500,50,1235,98600
535125060,14200,45,924,226000
535150240,9000,57,936,118000
535150300,25419,93,1360,235000
535151080,9723,48,1008,135000
535151130,7728,49,1106,132500
535152070,8163,52,1144,143000
535152280,8400,54,1179,132000
535176050,11600,51,1383,145250
535177100,9610,53,1121,162000
535178100,10000,55,1058,148000
535179050,14850,54,1092,141000
535180020,10152,55,1124,153000
535180070,10011,54,1070,134450
535301010,7032,32,943,135960
535301150,8092,57,1050,156000
535303050,11310,57,1367,140000
535304020,12778,59,1008,139500
535305120,10170,60,216,155000
535325130,7700,55,301,127000
535325340,11050,55,1005,133500
535325350,13600,56,1056,125000
535325450,15428,60,884,142000
535325460,21299,70,929,167000
535327210,13300,55,1015,159000
535353180,22136,86,2171,180000
535354130,7500,64,784,127000
535355100,7000,87,617,112000
535375040,10410,81,713,99800
535376090,5400,57,833,117000
535376100,5400,90,1073,108480
535377070,10914,82,715,68000
535377100,7008,111,448,86900
535379100,10800,91,1120,120000
535380010,7200,96,663,155500
535380130,10818,101,1077,80000
535381060,10410,96,672,105000
535382020,10800,111,954,160000
535382130,10800,75,796,170000
535401140,8658,46,1088,160000
535402070,13400,45,1024,159950
535402100,10184,48,1083,165000
535402220,9786,49,912,159000
535402230,9510,49,1135,147000
535403040,7800,47,912,115000
535403150,8910,52,655,159500
535403200,7332,52,864,120000
535404080,7100,54,816,129900
535425040,10800,50,1313,183000
535425050,11650,52,0,157500
535425080,18275,49,1438,277500
535426195,16321,54,1484,207500
535450100,12144,61,910,147500
535450180,10800,62,720,135000
535451190,7200,61,0,109500
535451210,7200,61,0,109900
535453160,7560,52,1040,133700
535454030,8544,61,0,81400
535454050,8544,62,0,87500
535454060,8544,61,0,93500
535456010,8512,51,1556,119000
535456020,7945,52,1150,141000
535457070,7000,50,1150,146000
535477060,7590,45,660,155000
535478010,10205,49,925,134500
535478070,7400,49,1045,120000
535478090,7000,49,864,105000
535478110,7000,49,1025,124000
902100110,9856,111,716,169000
902100130,9906,86,686,107000
902101050,9600,63,1212,135000
902103090,5520,91,1147,111500
902104020,9600,111,780,156500
902106040,9600,86,728,178000
902106090,6451,111,712,139900
902108060,3960,81,502,105000
902109010,5684,81,813,110000
902110120,7745,111,938,111500
902110130,7741,87,1032,108000
902111010,5633,86,844,111500
902125020,9000,131,636,124000
902128020,7200,61,576,105000
902128100,4400,91,648,116000
902134060,7614,106,738,96900
902204060,6000,56,960,135500
902204120,6000,87,816,139000
902206020,7830,90,492,61500
902206090,9576,66,770,120000
902207080,5820,56,1162,126175
902207110,5747,91,798,64000
902301120,9142,101,1020,137000
902305090,9600,111,1095,87000
902325050,10800,97,880,163000
902325100,6300,101,1226,155000
902325160,5000,111,540,79000
902328100,8850,95,815,144000
902329070,3600,101,684,114504
902329090,7200,91,596,157000
902400090,11340,88,1200,125000
902400110,22950,119,1107,475000
902401090,5976,91,624,93500
902406030,9750,53,960,125000
902456015,4761,93,1020,64500
903200050,7446,70,788,100000
903202120,6435,72,972,140200
903206160,11737,87,848,202500
903225090,5000,64,1004,159000
903229040,7800,72,793,119900
903231070,6240,77,816,114500
903231190,6240,75,896,115000
903231220,6120,81,728,75000
903231240,6120,86,768,88000
903232170,6240,64,0,80500
903233100,6240,83,1042,149000
903233220,6120,81,741,110000
903234030,6000,86,1103,110500
903235020,6000,90,616,89000
903236200,6380,89,993,113000
903400030,11672,86,816,109000
903425190,33120,49,1595,220000
903425340,9873,41,960,129000
903430090,5310,101,485,117000
903430130,4118,70,693,52500
903451050,10320,87,596,107000
903452090,7518,101,396,116500
903454020,9000,92,610,72000
903454080,8600,74,780,119500
903455090,7200,73,803,125500
903456060,9786,89,1007,91000
903456090,6780,76,520,84500
903458010,7200,81,984,90000
904100030,12375,60,806,137500
904100090,11136,47,1921,150000
904100170,21370,61,0,131000
904101040,6930,53,1062,130000
904301410,8250,76,0,125000
904302020,5220,75,830,80000
904302030,5500,7,1073,157000
905100030,11235,48,1051,148000
905101330,10791,44,0,90000
905101450,8414,48,1059,154500
905103130,11327,44,1064,153600
905103140,11777,45,1164,164500
905103180,10366,47,912,132000
905105010,9000,45,1059,142500
905106210,11553,43,1051,158000
905107070,7844,33,672,149500
905107220,9535,44,1176,165000
905107240,10335,43,1461,180000
905107300,7176,33,960,160500
905108090,9662,34,1967,156500
905108120,8235,34,1949,157000
905200280,13650,53,1052,172500
905200290,13125,54,1134,155000
905200340,17920,56,1763,170000
905200380,17529,87,872,105000
905200490,10246,46,648,145000
905201090,14175,55,1188,168000
905202190,20355,44,1865,278000
905202210,13050,48,1000,164000
905225080,15593,58,1304,225000
905300010,10820,40,782,130000
905300080,13350,37,864,142500
905351045,1700,31,430,148400
905351150,5271,25,1453,190000
905402110,9375,57,967,146000
905403050,6488,69,799,128000
905426100,7800,63,896,225000
905426150,19690,45,697,274970
905427010,19950,83,672,235000
905427030,19800,76,1836,415000
905427140,11679,49,1776,182000
905451050,12048,59,0,135000
905451410,10519,56,1057,137000
905452140,9525,57,994,136900
905452150,9525,58,1000,149900
905475150,6420,59,980,123500
905477010,8335,57,0,93000
905480160,7585,63,810,91500
906202040,11200,26,1298,180000
906204180,12128,22,868,209000
906223180,9554,18,777,215000
906225180,9069,18,1344,224500
906380110,11003,6,1308,229800
906380150,7488,6,1208,183600
906380170,7406,5,1199,194000
906380180,6762,5,1286,193879
906382030,11210,6,1614,221500
906382040,8990,5,1498,204900
906382050,8760,5,1391,239799
906392090,13377,5,1836,233555
906392100,11645,6,1734,260000
906392120,11645,6,1570,294900
906394010,10984,6,945,209700
906394040,9316,6,1614,225000
906394060,9316,6,784,181000
906420020,10041,19,908,220000
906426090,36500,47,1624,190000
906475050,21453,42,938,180000
906475200,70761,36,1533,280000
906476140,12000,43,1388,158900
907125020,8846,15,870,148000
907125080,13015,15,1100,145000
907130110,12438,16,781,187000
907131070,8685,13,1425,193000
907135230,13568,16,990,156000
907175030,9100,11,1525,235000
907175060,9236,14,1479,217000
907180120,10264,12,1588,214000
907181090,9272,12,842,196000
907187010,13426,12,951,217000
907192010,13450,9,916,200000
907194130,14006,9,936,192500
907196020,13704,10,1541,205000
907200170,10780,35,911,132500
907201160,8340,34,675,157500
907201230,10385,33,995,174000
907202140,9920,42,971,128500
907203010,9560,39,864,128500
907203040,9800,39,894,149900
907227090,7200,39,864,119900
907230240,3612,18,630,137000
907251100,11367,9,1065,255000
907252050,9930,9,826,222000
907254050,9468,12,840,214000
907255010,11088,9,1348,220000
907255050,14781,10,1753,275000
907262080,8726,9,872,197000
907265030,8125,9,1654,230000
907270050,10566,12,1090,268500
907275030,21533,15,1065,210900
907285010,11250,13,1054,227000
907285100,11250,16,930,237000
907290020,9750,13,1108,274300
907290080,9100,7,1860,216837
907290160,4435,8,848,133000
907290230,4435,7,848,155900
907290260,15611,5,1079,233230
907401050,8810,8,1390,207000
907401080,12393,7,847,195000
907405030,9135,8,1682,200000
907410040,8581,5,851,203160
907410100,8400,6,784,195800
907410110,10084,6,1552,212900
907412010,11645,7,860,196500
907414040,8772,6,1336,198000
907418020,8846,6,750,173900
907420070,8461,6,728,163990
907420090,8767,6,1310,164990
908102020,8777,101,676,98000
908102320,17755,52,1466,149900
908102330,8877,60,836,102000
908103310,7840,36,976,127500
908103320,9400,36,945,127500
908127050,16133,42,1176,119900
908128100,7162,8,796,196500
908130020,8050,9,914,117250
908178050,11060,8,1150,229000
908186060,3675,6,547,145000
908186070,3675,6,547,140000
908186090,3675,6,547,142500
908188110,2522,7,970,134000
908188120,2522,7,970,130000
908188130,2522,7,970,130000
908188140,2522,7,970,137500
908188150,3363,7,976,130000
908225180,6956,63,624,97900
908227010,7822,96,832,92000
908227030,8707,87,1093,107000
908227040,8410,101,658,81000
908228040,9738,87,784,104900
908275220,8172,56,864,115000
908275290,16012,57,954,125000
909101050,8248,93,686,116000
909101080,8248,89,864,83000
909101190,6204,99,795,118500
909101330,8088,89,498,35000
909103020,11388,101,616,121000
909131125,7082,95,686,160000
909175030,8400,71,940,140000
909176180,10890,73,1058,137000
909201180,6430,66,780,128000
909250070,7000,85,624,160000
909250120,13132,97,747,138887
909250200,4899,91,755,149000
909250210,6000,85,1008,102000
909253080,9399,92,818,167000
909254070,7588,91,793,200100
909256010,10164,72,992,131000
909256020,6191,70,824,112000
909275230,9550,96,756,140000
909275250,21780,91,817,195000
909276010,11435,82,792,230000
909276070,12400,71,901,194000
909279040,11600,89,700,137500
909280030,11500,75,1017,250000
909280070,8170,82,1022,218000
909281010,16560,79,952,239000
909282060,12320,79,637,199500
909282110,14210,81,697,210000
909425120,14115,55,1073,230000
909425180,12984,34,1430,217500
909426060,15600,61,1168,257000
909428110,15750,58,1165,157000
909475020,16381,42,1844,223000
910200020,7288,69,976,102000
910200060,7000,85,861,145400
910203100,8534,86,432,72000
910203230,7030,86,641,85000
910207110,8765,75,951,106500
910226060,9060,54,967,139000
911175360,11040,91,637,108000
911175410,12366,66,0,51689
911175430,9000,62,480,35311
911175440,9000,60,660,115000
911225110,8520,95,216,78000
911370430,5748,6,1573,375000
911370530,3842,7,1594,300000
913350030,23580,32,1625,242500
914452060,8385,33,1664,145000
914474020,9116,10,1491,209000
914476050,10530,34,975,135000
914476130,11080,36,1128,148000
914476500,11070,23,1907,171000
916225130,26178,22,1210,335000
916252170,8239,25,0,230000
916325040,50102,53,1632,250764
916326010,16669,30,1686,228000
916402125,13811,24,1112,176000
916403020,8049,21,1309,180000
916403130,11170,21,1216,250000
916460070,8098,11,1381,202000
916475100,14331,9,1800,312500
916477010,13618,6,1728,320000
921205030,11443,6,1868,369900
921205050,11577,6,1838,359900
923125030,31250,60,0,81500
923202025,7020,14,1288,215000
923203090,4500,13,1216,164000
923203100,4500,13,1237,153500
923205120,17217,5,1140,84500
923225190,2665,34,264,104500
923225240,2665,34,757,127000
923225260,3964,38,942,151400
923225510,10172,43,864,126500
923226150,11836,41,1652,146500
923226180,1470,41,630,73000
923226290,1484,39,546,79400
923227100,13384,42,1104,140000
923228130,1533,41,630,92000
923228180,1533,41,546,87550
923228210,1526,41,546,79500
923228260,1936,41,546,90500
923228310,1894,41,546,71000
923229110,12640,35,1728,150900
923230040,9297,35,1728,188000
923250060,17400,34,1126,160000
923251180,20000,51,1224,131000
923275080,7937,27,1003,142500
923276100,8885,28,864,131000
923400125,10441,19,912,132000
924100070,10010,37,1389,170000
924151050,9627,18,996,188000
